"","icgc_specimen_id.x","aliquot_id","purity.x","organ.x","donor_unique_id","donor_wgs_exclusion_white_gray","submitter_donor_id","icgc_donor_id.x","dcc_project_code","submitter_specimen_id","icgc_specimen_id.y","submitter_sample_id","icgc_sample_id.x","dcc_specimen_type","library_strategy","object_id","file_name","header_file_in_tar","read_length_r1","read_length_r2","read_group_info","loaded","purple.purity","purple.ploidy","prop.clonal","median.subclonal","genome.majorCN.bp","q1","q5","averageHom","averagePloidy","prop_genome_with_gains","icgc_sample_id.y","icgc_donor_id.y","tissue","WGD","ploidy","eff_ploidy","purity","age","n_snv_mnv","CpG_TpG_trunk_pwradj","CpG_TpG_subclonal_branch_pwradj","CpG_TpG_subclonal_linear_pwradj","TiN","remove","accel","WGD.time","WGD.time.10.","WGD.time.90.","WGD.CpG_TpG_total","MRCA.time.branching","MRCA.time.branching.10.","MRCA.time.branching.90.","MRCA.time.linear","MRCA.time.linear.10.","MRCA.time.linear.90.","...1","del.mh.prop","Ref.Sig.3","Ref.Sig.R3","Ref.Sig.R5","HRD.LOH","Ref.Sig.8","HRDetect.single.score","organ.y","HRDetect.bootstrap.score.percentile.5.","HRDetect.bootstrap.score.percentile.50.","HRDetect.bootstrap.score.percentile.95.","isHRD","Cancer.Types","Accuracy","SBS1","SBS2","SBS3","SBS4","SBS5","SBS6","SBS7a","SBS7b","SBS7c","SBS7d","SBS8","SBS9","SBS10a","SBS10b","SBS11","SBS12","SBS13","SBS14","SBS15","SBS16","SBS17a","SBS17b","SBS18","SBS19","SBS20","SBS21","SBS22","SBS23","SBS24","SBS25","SBS26","SBS27","SBS28","SBS29","SBS30","SBS31","SBS32","SBS33","SBS34","SBS35","SBS36","SBS37","SBS38","SBS39","SBS40","SBS41","SBS42","SBS43","SBS44","SBS45","SBS46","SBS47","SBS48","SBS49","SBS50","SBS51","SBS52","SBS53","SBS54","SBS55","SBS56","SBS57","SBS58","SBS59","SBS60","outlier.status.ov","outlier.status.brca","cnstep1","cnstep2","loh.early","loh.late","count.trans.cn1","count.trans.cn2","earlyLosses","lateLosses","minorCN_0_CNstep_1","minorCN_0_CNstep_2","minorCN_1_CNstep_1","minorCN_1_CNstep_2","minorCN_2_CNstep_1","minorCN_2_CNstep_2","bnd_minorCN_0_CNstep_1","bnd_minorCN_0_CNstep_2","bnd_minorCN_1_CNstep_1","bnd_minorCN_1_CNstep_2","bnd_minorCN_2_CNstep_1","bnd_minorCN_2_CNstep_2","ploidy.ok"
"4","SP101519","a330a96e-9897-4605-b5f1-5b5ef45cd365",0.478,"Ovary","OV-AU::AOCS-004","Whitelist","AOCS-004","DO46327","OV-AU","AOCS-004-1","SP101519","AOCS-004-1-5","SA505270","Primary tumour - solid tissue","WGS","d710abf9-9275-5a94-b1b1-b6b5f7e591ab","b45daaa3f09ccc023adda55ec74893aa.bam","WGS/ICGC/OV-AU/b45daaa3f09ccc023adda55ec74893aa.bam.header",100,100,"ID:QCMG:20130323102252773,PL:ILLUMINA,CN:QCMG,PI:329,DT:2013-01-02T00:00:00+00:00,PM:Illumina HiSeq 2000,LB:WGS:QCMG:Library_NEW5709A908AR2,SM:a330a96e-9897-4605-b5f1-5b5ef45cd365,PU:QCMG:AD1PKAACXX_3",TRUE,0.49,2.68,0.300112686,0.230835342606031,2170415818,0.00235685567724941,0.0303618466657424,0.446677771028326,2.59204432658365,0.55,"SA505270","DO46327","Ovary-AdenoCa",TRUE,2.59204432658365,2.2146092028454,0.478,54,7280,396.8,34.43,36.96,0,FALSE,"7.5x",6.26,4.39,9.53,216,0.53,0.34,0.73,0.57,0.39,0.77,"a330a96e-9897-4605-b5f1-5b5ef45cd365",0.387665198237885,1416.16717074512,0,51,6,1568.79296123178,0.884215742924659,"Ovary",0.91678216012427,0.979587788457509,0.993799763144348,TRUE,"Ovary-AdenoCA",0.963,307,0,3921,0,2928,0,0,0,0,0,0,0,0,0,0,0,0,0,0,0,0,0,0,0,0,0,0,0,0,0,0,0,0,0,0,0,0,0,0,0,0,0,0,0,0,0,0,0,0,0,0,0,0,0,0,0,0,0,0,0,0,0,0,0,0,"","",52,5,1,0,6,1,1,2,11,1,24,0,3,0,1,0,5,0,1,1,TRUE
"7","SP101526","e4aaca83-3ae9-47f6-a975-c144767ad705",0.498,"Ovary","OV-AU::AOCS-055","Whitelist","AOCS-055","DO46330","OV-AU","AOCS-055-1","SP101526","AOCS-055-1-7","SA505316","Primary tumour - solid tissue","WGS","2fe9d018-02f3-5259-9ee9-178f00935747","2302c05cfac5ebdcb403b8ceb2c055cf.bam","WGS/ICGC/OV-AU/2302c05cfac5ebdcb403b8ceb2c055cf.bam.header",100,100,"ID:QCMG:20130303042851546,PL:ILLUMINA,CN:QCMG,PI:316,DT:2013-01-02T00:00:00+00:00,PM:Illumina HiSeq 2000,LB:WGS:QCMG:Library_NEW5709A915AR2,SM:e4aaca83-3ae9-47f6-a975-c144767ad705,PU:QCMG:AD1PKAACXX_7",TRUE,0.51,4,0.537691471333333,0.303881511746682,800774249,0.00454495674077319,0.033786003723579,0.22852568171775,4.1299846170447,0.14,"SA505316","DO46330","Ovary-AdenoCa",TRUE,4.1299846170447,3.6082960665264,0.498,60,18394,1031.35,71.93,72.37,0,FALSE,"7.5x",18.92,13.78,30.14,137,0.48,0.34,0.65,0.49,0.33,0.64,"e4aaca83-3ae9-47f6-a975-c144767ad705",0.341013824884793,2428.84784918408,0,80.4444444444444,9,0,0.849375538428155,"Ovary",0.677973281948262,0.841530659611648,0.927352212057139,TRUE,"Ovary-AdenoCA",0.992,823,2107,5763,0,4177,0,0,0,0,0,0,0,0,0,0,0,5390,0,0,0,0,0,0,0,0,0,0,0,0,0,0,0,0,0,0,0,0,0,0,0,0,0,0,0,0,0,0,0,0,0,0,0,0,0,0,0,0,0,0,0,0,0,0,0,0,"","",26,NA,1,2,1,0,0,3,0,0,11,0,5,0,0,0,2,0,0,0,TRUE
"14","SP101552","a3135834-3af0-4e98-bc6f-ad8ddf33db80",0.664,"Ovary","OV-AU::AOCS-064","Whitelist","AOCS-064","DO46342","OV-AU","AOCS-064-1","SP101552","AOCS-064-1-6","SA505416","Primary tumour - solid tissue","WGS","5b19d4a2-fb8e-582c-94a0-10128a441bd0","2d97dc0ce20a80d27b549feb6e5d131c.bam","WGS/ICGC/OV-AU/2d97dc0ce20a80d27b549feb6e5d131c.bam.header",100,100,"ID:QCMG:2013030304131588,PL:ILLUMINA,CN:QCMG,PI:307,DT:2013-01-04T00:00:00+00:00,PM:Illumina HiSeq 2000,LB:WGS:QCMG:Library_NEW5709A932AR2,SM:a3135834-3af0-4e98-bc6f-ad8ddf33db80,PU:QCMG:AC1L8FACXX_4",TRUE,0.67,3.2,0.597788213,0.217598025939636,2056607236,0.00325448945196722,0.0342302551287267,0.261669647705517,3.17329807100631,0.48,"SA505416","DO46342","Ovary-AdenoCa",TRUE,3.17329807100631,2.49673716540779,0.664,67,17299,513.33,22.44,46.87,0,FALSE,"7.5x",15.77,11.55,31.7,250,0.31,0.17,0.44,0.64,0.42,0.88,"a3135834-3af0-4e98-bc6f-ad8ddf33db80",0.578908002991773,2442.11779643898,187.734082397004,163.203495630462,10,8668.2202406718,0.999971723278881,"Ovary",0.999941150367931,0.999970636065434,0.999983096694309,TRUE,"Ovary-AdenoCA",0.937,445,292,14502,0,1521,0,0,0,0,0,0,0,0,0,0,0,246,0,0,0,0,0,0,0,0,0,0,0,0,0,0,0,0,0,0,0,0,0,0,0,0,0,0,0,0,0,0,0,0,0,0,0,0,0,0,0,0,0,0,0,0,0,0,0,0,"down","",183,40,1,7,25,1,0,2,36,7,71,21,13,5,4,0,12,2,14,1,TRUE
"19","SP101580","42465bbd-289b-4e96-98fe-76809c5e1520",0.501,"Ovary","OV-AU::AOCS-079","Whitelist","AOCS-079","DO46354","OV-AU","AOCS-079-1","SP101580","AOCS-079-1-1","SA505516","Primary tumour - solid tissue","WGS","f671d974-b283-5aa7-862d-f8ce83275944","c778351fca20f94e49162488bab72458.bam","WGS/ICGC/OV-AU/c778351fca20f94e49162488bab72458.bam.header",100,100,"ID:QCMG:2013030601531126,PL:ILLUMINA,CN:QCMG,PI:307,DT:2013-01-08T00:00:00+00:00,PM:Illumina HiSeq 2000,LB:WGS:QCMG:Library_NEW5709A943AR2,SM:42465bbd-289b-4e96-98fe-76809c5e1520,PU:QCMG:AC1LKPACXX_1",TRUE,0.67,1.6,0.645145857333333,0.351062580720912,2642149521,0.00558737253806398,0.0296130744517391,0.420891224482855,3.15172355822005,0.58,"SA505516","DO46354","Ovary-AdenoCa",TRUE,3.15172355822005,1.81697815355783,0.501,73,7212,505.93,12.55,25.54,0,FALSE,"7.5x",1.24,0.72,3.52,243,0.14,0.04,0.23,0.28,0.16,0.41,"42465bbd-289b-4e96-98fe-76809c5e1520",0.450819672131148,742.912042175361,33.8825448613377,0,18,2144.18923418424,0.982688412176599,"Ovary",0.977493947750888,0.99670329770552,0.998792152499017,TRUE,"Ovary-AdenoCA",0.97,495,0,2228,0,538,0,0,0,0,0,0,0,0,0,0,0,0,0,0,0,0,0,0,0,0,0,0,0,0,0,0,0,0,0,0,0,0,0,0,0,0,0,0,0,3780,0,0,0,0,0,0,0,0,0,0,0,0,0,0,0,0,0,0,0,0,"","",92,7,3,1,14,0,0,0,0,0,12,2,0,1,2,0,13,0,3,0,FALSE
"28","SP101622","0d0793c1-df1b-4db1-ba36-adcb960cc0f5",0.74,"Ovary","OV-AU::AOCS-091","Whitelist","AOCS-091","DO46372","OV-AU","AOCS-091-1","SP101622","AOCS-091-1-3","SA505654","Primary tumour - solid tissue","WGS","dadbafb4-2f94-5e26-9b49-f32a4df52eac","01a83a1735552daa04093c7d937c6b3f.bam","WGS/ICGC/OV-AU/01a83a1735552daa04093c7d937c6b3f.bam.header",100,100,"ID:QCMG:20130406094141137,PL:ILLUMINA,CN:QCMG,PI:318,DT:2013-03-08T00:00:00+00:00,PM:Illumina HiSeq 2000,LB:WGS:QCMG:Library_NEW5709A962AR2,SM:0d0793c1-df1b-4db1-ba36-adcb960cc0f5,PU:QCMG:BC1UU0ACXX_2",TRUE,0.74,3.3,0.569859611,0.247085202429697,2118268795,0.00381159814865233,0.0344858880116163,0.354356759684408,3.27507751210618,0.43,"SA505654","DO46372","Ovary-AdenoCa",TRUE,3.27507751210618,2.20548389317819,0.74,39,11089,425.56,22.88,41.12,0,FALSE,"7.5x",1.46,0.97,2.69,170,0.19,0.1,0.29,0.34,0.21,0.47,"0d0793c1-df1b-4db1-ba36-adcb960cc0f5",0.607433217189315,3059.82573099415,128.430656934307,121.883211678832,18,3604.04970760234,0.999984664852736,"Ovary",0.999971881715902,0.999984420450777,0.999991102225766,TRUE,"Ovary-AdenoCA",0.969,422,0,6829,0,247,0,0,0,0,0,0,0,0,0,0,0,0,0,0,0,0,0,0,0,0,0,0,0,0,0,0,0,0,0,0,0,0,0,0,0,0,0,0,0,3336,0,0,0,0,0,0,0,0,0,0,0,0,0,0,0,0,0,0,0,0,"","",155,81,6,12,13,7,4,3,23,22,51,31,38,15,5,1,1,2,8,3,TRUE
"29","SP101628","53bcbb68-addd-47fc-9910-cd1d3f38197d",0.586,"Ovary","OV-AU::AOCS-092","Whitelist","AOCS-092","DO46374","OV-AU","AOCS-092-1","SP101628","AOCS-092-1-6","SA505676","Primary tumour - solid tissue","WGS","82cb6722-fb3e-5fc6-b47e-fcd7509c2c79","0b12474b2929eec4a782a14c5708e7be.bam","WGS/ICGC/OV-AU/0b12474b2929eec4a782a14c5708e7be.bam.header",100,100,"ID:QCMG:20130303094516990,PL:ILLUMINA,CN:QCMG,PI:318,DT:2013-01-02T00:00:00+00:00,PM:Illumina HiSeq 2000,LB:WGS:QCMG:Library_NEW5709A965AR2,SM:53bcbb68-addd-47fc-9910-cd1d3f38197d,PU:QCMG:AC1KRRACXX_4",TRUE,0.59,4,0.289250359666667,0.267748478701822,1205615946,0.00444718962322421,0.0384187770228536,0.284911050193197,3.78930542207471,0.3,"SA505676","DO46374","Ovary-AdenoCa",TRUE,3.78930542207471,3.21275324917793,0.586,69,8189,755.37,0.01,0.01,0,FALSE,"7.5x",48.46,32.04,58.35,179,0,0,0,0,0,0,"53bcbb68-addd-47fc-9910-cd1d3f38197d",0.294117647058824,1406.0961233695,25.871359223301,27.3932038834951,4,1770.4731805437,0.860527175757635,"Ovary",0.559669957537246,0.841646839503853,0.953588613609106,TRUE,"Ovary-AdenoCA",0.969,661,201,4355,0,2717,0,0,0,0,0,0,0,0,0,0,0,148,0,0,0,0,0,0,0,0,0,0,0,0,0,0,0,0,0,0,0,0,0,0,0,0,0,0,0,0,0,0,0,0,0,0,0,0,0,0,0,0,0,0,0,0,0,0,0,0,"","",39,4,1,0,2,1,1,4,4,0,23,2,8,1,0,0,0,0,3,0,TRUE
"31","SP101642","c767254e-b289-4904-a80f-050cf01ff8ba",0.724,"Ovary","OV-AU::AOCS-094","Whitelist","AOCS-094","DO46378","OV-AU","AOCS-094-1","SP101642","AOCS-094-1-1","SA505730","Primary tumour - solid tissue","WGS","33a0d883-4d27-5c8c-ba30-1d842a6febd7","b881287cbf93ab70cd9ef78d6e0419cd.bam","WGS/ICGC/OV-AU/b881287cbf93ab70cd9ef78d6e0419cd.bam.header",100,100,"ID:QCMG:20130309104915387,PL:ILLUMINA,CN:QCMG,PI:319,DT:2013-01-07T00:00:00+00:00,PM:Illumina HiSeq 2000,LB:WGS:QCMG:Library_NEW5709A971AR2,SM:c767254e-b289-4904-a80f-050cf01ff8ba,PU:QCMG:BC1HNRACXX_2",TRUE,0.74,2.7,0.241181554,0.273130241098413,1811888233,0.00500349080754014,0.0377007214335583,0.498107484666967,2.71083352563473,0.5,"SA505730","DO46378","Ovary-AdenoCa",TRUE,2.71083352563473,2.22065784809847,0.724,59,17346,659.83,8.76,15.61,0,FALSE,"7.5x",16.47,11.38,30.19,279,0.09,0.03,0.15,0.15,0.08,0.24,"c767254e-b289-4904-a80f-050cf01ff8ba",0.56664068589244,7855.48262414421,227.188069594035,171.642087821044,14,1459.65560273854,0.999986059703944,"Ovary",0.999974871532801,0.999986008431184,0.999991533384884,TRUE,"Ovary-AdenoCA",0.97,552,0,9811,0,844,0,0,0,0,0,0,0,0,0,0,0,0,0,0,0,0,0,0,0,0,0,0,0,0,0,0,0,0,0,0,0,0,0,0,0,0,0,0,0,4471,1381,0,0,0,0,0,0,0,0,0,0,0,0,0,0,0,0,0,0,0,"","",305,53,3,9,43,3,3,3,99,22,82,15,19,5,12,0,22,0,12,3,TRUE
"37","SP101670","cf6c7066-6611-43ec-aef1-295a976cce5b",0.882,"Ovary","OV-AU::AOCS-106","Whitelist","AOCS-106","DO46390","OV-AU","AOCS-106-1","SP101670","AOCS-106-1-1","SA505835","Primary tumour - solid tissue","WGS","b61d3160-6224-5436-b51d-8ef73c750bd0","df4f6f947f56c9361a3fa9a6886dba94.bam","WGS/ICGC/OV-AU/df4f6f947f56c9361a3fa9a6886dba94.bam.header",100,100,"ID:QCMG:20131018112617190,PL:ILLUMINA,CN:QCMG,PI:306,DT:2013-08-24T00:00:00+00:00,PM:Illumina HiSeq 2000,LB:WGS:QCMG:Library_NEW5709A1422AR5,SM:cf6c7066-6611-43ec-aef1-295a976cce5b,PU:QCMG:AC2JWWACXX_7",TRUE,0.9,2.84,0.174803652666667,0.0826238466306408,1688306103,0.00731944133243708,0.0447382179401001,0.159787234030034,2.78129663891043,0.49,"SA505835","DO46390","Ovary-AdenoCa",TRUE,2.78129663891043,2.60830205954119,0.882,65,13552,752.88,21.66,40.87,0,FALSE,"7.5x",39.04,26.05,48.64,308,0.23,0.12,0.34,0.44,0.3,0.58,"cf6c7066-6611-43ec-aef1-295a976cce5b",0.603082851637765,3544.0213570634,0,187.046904315197,8,3828.42743789396,0.999308389233258,"Ovary",0.999530771988621,0.999922288111617,0.999960362514986,TRUE,"Ovary-AdenoCA",0.981,765,0,7221,0,922,0,0,0,0,0,0,0,0,0,0,0,0,0,0,0,0,0,0,0,0,0,0,0,0,0,0,0,0,0,0,0,0,0,0,0,0,0,0,0,4372,0,0,0,0,0,0,0,0,0,0,0,0,0,0,0,0,0,0,0,0,"","",196,19,1,5,32,3,-1,19,11,1,83,9,33,9,5,0,17,1,11,2,TRUE
"38","SP101674","d2e4dc23-992d-4e44-add4-2972718083cb",0.858,"Ovary","OV-AU::AOCS-107","Whitelist","AOCS-107","DO46392","OV-AU","AOCS-107-1","SP101674","AOCS-107-1-4","SA505850","Primary tumour - solid tissue","WGS","a60b4378-531b-55ad-a17f-81b39ab0a21b","9575f0efb0f91c13d1a357458e379e52.bam","WGS/ICGC/OV-AU/9575f0efb0f91c13d1a357458e379e52.bam.header",100,100,"ID:QCMG:20131019032807881,PL:ILLUMINA,CN:QCMG,PI:320,DT:2013-08-25T00:00:00+00:00,PM:Illumina HiSeq 2000,LB:WGS:QCMG:Library_NEW5709A1423AR5,SM:d2e4dc23-992d-4e44-add4-2972718083cb,PU:QCMG:AC2JVBACXX_4",TRUE,0.84,3.65,0.629526186,0.167100515233758,2279081976,0.00672371638141809,0.0330073349633252,0.343243255813609,3.5360589293506,0.48,"SA505850","DO46392","Ovary-AdenoCa",TRUE,3.5360589293506,1.89722097045469,0.858,48,6585,266.47,7.74,21.5,0,FALSE,"7.5x",0.75,0.37,1.94,118,0.1,0,0.19,0.28,0.13,0.45,"d2e4dc23-992d-4e44-add4-2972718083cb",0.616797900262467,1662.12138465042,88.5333333333333,50.3030303030303,12,2048.53336369847,0.999947521671022,"Ovary",0.99986904701214,0.999944924111894,0.999976783173931,TRUE,"Ovary-AdenoCA",0.971,201,0,3797,0,1551,0,0,0,0,0,901,0,0,0,0,0,0,0,0,0,0,0,0,0,0,0,0,0,0,0,0,0,0,0,0,0,0,0,0,0,0,0,0,0,0,0,0,0,0,0,0,0,0,0,0,0,0,0,0,0,0,0,0,0,0,"down","",44,70,7,2,5,2,4,2,6,21,15,5,10,33,1,0,0,0,5,2,TRUE
"39","SP101678","d4bf6034-aeae-48a6-907b-10e2cc904015",0.684,"Ovary","OV-AU::AOCS-108","Whitelist","AOCS-108","DO46394","OV-AU","AOCS-108-1","SP101678","AOCS-108-1-7","SA505863","Primary tumour - solid tissue","WGS","a5b3ff5b-e85d-5992-954c-15f12544ba50","198f56e26d1e123f459ce837c1873cb7.bam","WGS/ICGC/OV-AU/198f56e26d1e123f459ce837c1873cb7.bam.header",100,100,"ID:QCMG:20131019042321400,PL:ILLUMINA,CN:QCMG,PI:316,DT:2013-08-25T00:00:00+00:00,PM:Illumina HiSeq 2000,LB:WGS:QCMG:Library_NEW5709A1424AR5,SM:d4bf6034-aeae-48a6-907b-10e2cc904015,PU:QCMG:AC2JVBACXX_8",TRUE,0.71,3.6,0.680637727666667,0.184686281460475,1368875226,0.00435701082651175,0.0407974650118828,0.312506831048344,3.58308092377669,0.24,"SA505863","DO46394","Ovary-AdenoCa",TRUE,3.58308092377669,3.08334877732731,0.684,61,15254,773.34,38.22,43.63,0,FALSE,"7.5x",50.66,34.34,55.85,141,0.34,0.21,0.49,0.39,0.25,0.55,"d4bf6034-aeae-48a6-907b-10e2cc904015",0.535575679172057,4874.81427774679,233.18567961165,0,7,3055.20389750992,0.999061485723735,"Ovary",0.999292363679612,0.999876157300164,0.99993761149377,TRUE,"Ovary-AdenoCA",0.988,640,290,7618,0,3987,0,0,0,0,0,1774,0,0,0,0,0,659,0,0,0,0,0,0,0,0,0,0,0,0,0,0,0,0,0,0,0,0,0,0,0,0,0,0,0,0,0,0,0,0,0,0,0,0,0,0,0,0,0,0,0,0,0,0,0,0,"","",109,13,1,5,6,0,0,2,16,2,39,2,22,5,0,0,2,0,4,0,TRUE
"41","SP101690","acd510de-b732-4a1a-8b72-6d22e763540b",0.682,"Ovary","OV-AU::AOCS-112","Whitelist","AOCS-112","DO46400","OV-AU","AOCS-112-1","SP101690","AOCS-112-1-2","SA505904","Primary tumour - solid tissue","WGS","91314b31-b068-52be-ae4d-e44fffe4cac6","36f10f67bf053af47705b3724d5046fe.bam","WGS/ICGC/OV-AU/36f10f67bf053af47705b3724d5046fe.bam.header",100,100,"ID:QCMG:20130311085257566,PL:ILLUMINA,CN:QCMG,PI:329,DT:2013-01-18T00:00:00+00:00,PM:Illumina HiSeq 2000,LB:WGS:QCMG:Library_NEW5709A1037AR3,SM:acd510de-b732-4a1a-8b72-6d22e763540b,PU:QCMG:AD1T1FACXX_7",TRUE,0.66,4.05,0.637404657333333,0.269853871772487,778805452,0.00355201159840522,0.0516129032258065,0.193126433894256,3.80957466168712,0.15,"SA505904","DO46400","Ovary-AdenoCa",TRUE,3.80957466168712,3.62281291186559,0.682,70,13975,868.76,143.52,212.82,0,FALSE,"7.5x",25.13,17.96,44.47,121,1.44,1.12,1.74,2.11,1.73,2.55,"acd510de-b732-4a1a-8b72-6d22e763540b",0.351230425055928,2212.55412804638,0,41.5699831365936,6,4599.15184482697,0.808866981164882,"Ovary",0.612558290044414,0.8022826636572,0.903321891814297,TRUE,"Ovary-AdenoCA",0.954,980,304,9524,0,2661,0,0,0,0,0,0,0,0,0,0,0,310,0,0,0,0,0,0,0,0,0,0,0,0,0,0,0,0,0,0,0,0,0,0,0,0,0,0,0,0,0,0,0,0,0,0,0,0,0,0,0,0,0,0,0,0,0,0,0,0,"","",33,1,0,2,4,0,-1,6,4,0,4,1,1,0,0,0,1,0,5,0,TRUE
"44","SP101716","8b28f6d2-4b7d-493b-826e-b119a4fb0cb4",0.661,"Ovary","OV-AU::AOCS-116","Whitelist","AOCS-116","DO46412","OV-AU","AOCS-116-1","SP101716","AOCS-116-1-3","SA505950","Primary tumour - solid tissue","WGS","1f2aa333-00bc-5bf1-a8fc-911a452f9859","a1ca08aa153a40f845f85cb7a82a3c33.bam","WGS/ICGC/OV-AU/a1ca08aa153a40f845f85cb7a82a3c33.bam.header",100,100,"ID:QCMG:20130301090546453,PL:ILLUMINA,CN:QCMG,PI:316,DT:2013-01-08T00:00:00+00:00,PM:Illumina HiSeq 2000,LB:WGS:QCMG:Library_NEW5709A998AR2,SM:8b28f6d2-4b7d-493b-826e-b119a4fb0cb4,PU:QCMG:BC1L9BACXX_6",TRUE,0.67,2.68,0.420354784,0.292367740143549,2124761965,0.00660445082555635,0.0398420674802584,0.39631474790274,2.59597365020635,0.48,"SA505950","DO46412","Ovary-AdenoCa",TRUE,2.59597365020635,2.38346870457857,0.661,64,14054,1058.27,70.99,110.9,0,FALSE,"7.5x",21.94,16.4,34.28,548,0.52,0.39,0.64,0.81,0.65,0.98,"8b28f6d2-4b7d-493b-826e-b119a4fb0cb4",0.286274509803922,3775.29708308044,0,42.4411764705882,14,1968.43307508301,0.738269973592013,"Ovary",0.542925393329718,0.785426856425132,0.978936120318821,TRUE,"Ovary-AdenoCA",0.971,980,0,7474,0,4280,0,0,0,0,0,0,0,0,0,0,0,0,0,0,0,0,0,1126,0,0,0,0,0,0,0,0,0,0,0,0,0,0,0,0,0,0,0,0,0,0,0,0,0,0,0,0,0,0,0,0,0,0,0,0,0,0,0,0,0,0,"up","",140,3,0,6,19,0,1,2,31,0,52,1,7,1,1,0,17,0,3,0,TRUE
"46","SP101732","6fffe0cf-bb38-4e77-88ab-a256bd7fbbce",0.32,"Ovary","OV-AU::AOCS-119","Whitelist","AOCS-119","DO46420","OV-AU","AOCS-119-13","SP101732","AOCS-119-3-9","SA505258","Recurrent tumour - other","WGS","f0d628e6-1706-5c81-9777-1ef49b9adc5c","4e8a439a5d8c3ef77174684dfa3590bc.bam","WGS/ICGC/OV-AU/4e8a439a5d8c3ef77174684dfa3590bc.bam.header",100,100,"ID:QCMG:20130303011141157,PL:ILLUMINA,CN:QCMG,PI:294,DT:2013-01-07T00:00:00+00:00,PM:Illumina HiSeq 2000,LB:WGS:QCMG:Library_NEW5709A1001AR2,SM:6fffe0cf-bb38-4e77-88ab-a256bd7fbbce,PU:QCMG:AD1P18ACXX_2",TRUE,0.32,3.35,0.412939547,0.342171408157142,2164523509,0.0030828041186263,0.0199765706886984,0.324606316739058,3.2539968451877,0.56,"SA505258","DO46420","Ovary-AdenoCa",TRUE,3.2539968451877,2.24191160676982,0.32,65,16352,682.87,3.7,4.13,0,FALSE,"7.5x",7.33,4.68,14.1,287,0.03,0,0.08,0.04,0,0.08,"6fffe0cf-bb38-4e77-88ab-a256bd7fbbce",0.538163001293661,0,126.682368775236,115.07402422611,15,6175.05668488608,0.997749014085578,"Ovary",0.995544492798944,0.997657263823761,0.998769021498381,TRUE,"Ovary-AdenoCA",0.919,643,0,6977,0,0,0,0,0,0,0,0,0,0,0,0,0,0,0,0,0,0,0,0,0,0,0,0,0,0,0,0,0,0,0,0,0,0,0,0,0,0,0,0,0,8346,0,0,0,0,0,0,0,0,0,0,0,0,0,0,0,0,0,0,0,0,"","",73,95,7,4,9,4,3,8,11,30,36,19,12,32,0,0,6,0,9,6,TRUE
"47","SP101740","d8c2b4b2-e12b-43d2-bafc-87b29f027797",0.844,"Ovary","OV-AU::AOCS-120","Whitelist","AOCS-120","DO46424","OV-AU","AOCS-120-13","SP101740","AOCS-120-3-6","SA505271","Recurrent tumour - other","WGS","c5344113-2885-5c4e-b9ad-2786c90eb15a","e59fb932d2f370305f80527ae98a41d9.bam","WGS/ICGC/OV-AU/e59fb932d2f370305f80527ae98a41d9.bam.header",100,100,"ID:QCMG:20130313015539335,PL:ILLUMINA,CN:QCMG,PI:304,DT:2013-01-07T00:00:00+00:00,PM:Illumina HiSeq 2000,LB:WGS:QCMG:Library_NEW5709A1003AR2,SM:d8c2b4b2-e12b-43d2-bafc-87b29f027797,PU:QCMG:AD1P18ACXX_4",TRUE,0.86,2.76,0.130088367,0.272539166420337,1454741269,0.00935444078947368,0.0567434210526316,0.440004064219371,2.82790249479133,0.42,"SA505271","DO46424","Ovary-AdenoCa",TRUE,2.82790249479133,2.27789754812859,0.844,47,19705,682.35,56.05,90.48,0,FALSE,"7.5x",19.82,13.48,29.25,246,0.41,0.3,0.54,0.66,0.51,0.81,"d8c2b4b2-e12b-43d2-bafc-87b29f027797",0.666666666666667,8223.76422475107,383.441475826972,229.160305343511,10,2392.54978662873,0.999997987249433,"Ovary",0.999996212426643,0.999997934644493,0.999998701523879,TRUE,"Ovary-AdenoCA",0.984,663,0,11796,0,1580,0,0,0,0,0,0,0,0,0,0,0,0,0,0,0,0,0,0,0,0,0,0,0,0,0,0,0,0,0,0,0,0,0,0,0,0,0,0,0,5197,0,0,0,0,0,0,0,0,0,0,0,0,0,0,0,0,0,0,0,0,"","",508,43,4,7,29,2,2,0,122,11,145,14,45,6,7,0,11,1,16,1,TRUE
"48","SP101795","f26b1f44-12de-43ba-85bb-bc61741a5a88",0.365,"Ovary","OV-AU::AOCS-128","Whitelist","AOCS-128","DO46448","OV-AU","AOCS-128-1","SP101795","AOCS-128-1-0","SA505352","Primary tumour - solid tissue","WGS","beea2b4e-51c5-5cd1-8297-a74ebd6985b2","797af0f9bf8c4976ccf632071abe5a65.bam","WGS/ICGC/OV-AU/797af0f9bf8c4976ccf632071abe5a65.bam.header",100,100,"ID:QCMG:20130303014250926,PL:ILLUMINA,CN:QCMG,PI:309,DT:2013-01-02T00:00:00+00:00,PM:Illumina HiSeq 2000,LB:WGS:QCMG:Library_NEW5709A1016AR2,SM:f26b1f44-12de-43ba-85bb-bc61741a5a88,PU:QCMG:BD1MP5ACXX_1",TRUE,0.37,3.05,0.177818267666667,0.220294373440222,1554288565,0.00328470679161434,0.0309148874504879,0.201885862986884,3.05535946875123,0.43,"SA505352","DO46448","Ovary-AdenoCa",TRUE,3.05535946875123,2.58710481306933,0.365,45,10411,486.2,1.76,1.96,0,FALSE,"7.5x",17.98,10.47,29.09,181,0.02,0,0.06,0.02,0,0.06,"f26b1f44-12de-43ba-85bb-bc61741a5a88",0.601538461538462,971.285707408655,285.01116751269,58.4121827411168,2,3582.93164203533,0.999872072988157,"Ovary",0.999577812197514,0.999857117191014,0.999941433011917,TRUE,"Ovary-AdenoCA",0.98,447,371,4790,0,45,0,0,0,0,0,0,0,0,0,0,0,600,0,0,0,0,0,0,0,0,0,0,0,0,0,0,0,0,0,0,0,0,0,0,0,0,0,0,0,3921,0,0,0,0,0,0,0,0,0,0,0,0,0,0,0,0,0,0,0,0,"","",165,42,1,6,22,1,-1,22,22,14,61,15,17,7,4,0,14,0,6,3,TRUE
"50","SP101891","da43386c-47f8-4e03-b6ca-8b94e13792e7",0.488,"Ovary","OV-AU::AOCS-139","Whitelist","AOCS-139","DO46493","OV-AU","AOCS-139-1","SP101891","AOCS-139-1-5","SA505493","Primary tumour - solid tissue","WGS","24410658-c4dd-5320-96dc-4153e0744825","b5c069f1a92f91f74f31f569f2487184.bam","WGS/ICGC/OV-AU/b5c069f1a92f91f74f31f569f2487184.bam.header",100,100,"ID:QCMG:20130311115516792,PL:ILLUMINA,CN:QCMG,PI:315,DT:2013-01-18T00:00:00+00:00,PM:Illumina HiSeq 2000,LB:WGS:QCMG:Library_NEW5709A1054AR2,SM:da43386c-47f8-4e03-b6ca-8b94e13792e7,PU:QCMG:AD1T4NACXX_7",TRUE,0.48,3.2,0.549654734666667,0.311291413116969,2088762740,0.00394345238095238,0.0348958333333333,0.325634076153076,3.0906758322916,0.46,"SA505493","DO46493","Ovary-AdenoCa",TRUE,3.0906758322916,2.62417176163915,0.488,62,13505,691.72,72.35,98.01,0,FALSE,"7.5x",13.94,9.97,25.47,321,0.73,0.55,0.92,0.98,0.76,1.23,"da43386c-47f8-4e03-b6ca-8b94e13792e7",0.546332046332046,3149.6820691444,381.647926267281,58.4460829493088,10,3793.23007373921,0.999950897074696,"Ovary",0.999889755462067,0.999947861211333,0.999973059714601,TRUE,"Ovary-AdenoCA",0.977,790,0,6407,0,357,0,0,0,0,0,0,0,0,0,0,0,0,0,0,0,0,0,0,0,0,0,0,0,0,0,0,0,0,0,0,0,0,0,0,0,0,0,0,0,5591,0,0,0,0,0,0,0,0,0,0,0,0,0,0,0,0,0,0,0,0,"","",207,45,1,8,24,1,2,7,42,11,89,16,24,5,6,0,12,1,9,0,TRUE
"52","SP101931","f858d813-f3c5-4ad9-8c20-9f231d6624d8",0.397,"Ovary","OV-AU::AOCS-142","Whitelist","AOCS-142","DO46503","OV-AU","AOCS-142-13","SP101931","AOCS-142-3-5","SA505545","Recurrent tumour - other","WGS","eba4cb9a-45c1-54d8-940a-6c6be10ee76e","8850cd29bfa64ea6a624739e7c93a1b4.bam","WGS/ICGC/OV-AU/8850cd29bfa64ea6a624739e7c93a1b4.bam.header",100,100,"ID:QCMG:20130514030018772,PL:ILLUMINA,CN:QCMG,PI:315,DT:2013-04-08T00:00:00+00:00,PM:Illumina HiSeq 2000,LB:WGS:QCMG:Library_NEW5709A1059AR2,SM:f858d813-f3c5-4ad9-8c20-9f231d6624d8,PU:QCMG:BC1YU1ACXX_5",TRUE,0.4,3.6,0.0968165683333333,0.342324215563648,1468439048,0.00309552947951911,0.0285796558923044,0.447643635998805,3.55781685283323,0.46,"SA505545","DO46503","Ovary-AdenoCa",TRUE,3.55781685283323,2.89800450372531,0.397,71,14168,968.13,0,0,0,FALSE,"7.5x",33.38,19.66,47.13,311,0,0,0,0,0,0,"f858d813-f3c5-4ad9-8c20-9f231d6624d8",0.484210526315789,4265.40921409214,51.0434782608696,209.678601875533,20,1243.62059620596,0.999855695980105,"Ovary",0.99968725986008,0.999854476047345,0.999921522444506,TRUE,"Ovary-AdenoCA",0.979,811,476,8121,0,3210,0,0,0,0,0,0,0,0,0,0,0,1347,0,0,0,0,0,0,0,0,0,0,0,0,0,0,0,0,0,0,0,0,0,0,0,0,0,0,0,0,0,0,0,0,0,0,0,0,0,0,0,0,0,0,0,0,0,0,0,0,"","",88,11,2,10,15,1,0,0,27,4,26,4,15,2,2,0,6,1,7,1,TRUE
"53","SP102015","8888e808-594b-4c76-b2e4-62aa56736f7c",0.424,"Ovary","OV-AU::AOCS-150","Whitelist","AOCS-150","DO46542","OV-AU","AOCS-150-14","SP102015","AOCS-150-8-X","SA505657","Recurrent tumour - other","WGS","6b730cee-3b9d-59ef-bca7-dae7c1708edb","455dd33a27a061e9bfedd675230c8662.bam","WGS/ICGC/OV-AU/455dd33a27a061e9bfedd675230c8662.bam.header",100,100,"ID:QCMG:20131226010841330,PL:ILLUMINA,CN:QCMG,PI:309,DT:2013-12-20T00:00:00+00:00,PM:Illumina HiSeq 2000,LB:WGS:QCMG:Library_NEW5709A2360AR10,SM:8888e808-594b-4c76-b2e4-62aa56736f7c,PU:QCMG:BC32N5ACXX_2",TRUE,0.43,3.35,0.409579047333333,0.274555846381912,2300310519,0.00449302575107296,0.0228674892703863,0.37918860256425,3.2909163074658,0.57,"SA505657","DO46542","Ovary-AdenoCa",TRUE,3.2909163074658,2.04420282105007,0.424,55,14959,534.94,4.08,4.52,0,FALSE,"7.5x",3.96,2.47,7.44,277,0.03,0,0.08,0.04,0,0.08,"8888e808-594b-4c76-b2e4-62aa56736f7c",0.528064146620848,4066.22817513369,252.680751173709,81.3802816901408,17,2299.84625668449,0.999956570187689,"Ovary",0.99991360154829,0.999954343008913,0.999973911322777,TRUE,"Ovary-AdenoCA",0.959,478,0,8549,0,295,0,0,0,0,0,0,0,0,0,0,0,0,0,0,0,0,0,0,0,0,0,0,0,0,0,0,0,0,0,0,0,0,0,0,0,0,0,0,0,5211,0,0,0,0,0,0,0,0,0,0,0,0,0,0,0,0,0,0,0,0,"","",130,184,4,4,4,3,6,1,20,53,50,44,32,74,2,0,4,0,0,3,TRUE
"55","SP102045","9e6806c4-d331-4025-abee-2f576e3bf182",0.81,"Ovary","OV-AU::AOCS-155","Whitelist","AOCS-155","DO46556","OV-AU","AOCS-155-13","SP102045","AOCS-155-3-5","SA505690","Recurrent tumour - other","WGS","21f90de0-7fa1-5407-a545-04e0863f9c5a","5e7b9e50f2d95de77d9c5e95f871feb1.bam","WGS/ICGC/OV-AU/5e7b9e50f2d95de77d9c5e95f871feb1.bam.header",100,100,"ID:QCMG:20131112040152607,PL:ILLUMINA,CN:QCMG,PI:310,DT:2013-09-28T00:00:00+00:00,PM:Illumina HiSeq 2000,LB:WGS:QCMG:Library_NEW5709A1479AR5,SM:9e6806c4-d331-4025-abee-2f576e3bf182,PU:QCMG:BC2MBVACXX_7",TRUE,0.9,1.8,0,NA,2344770964,0.00765049325548621,0.0366418361183813,0.343389032438565,3.68287495401972,0.75,"SA505690","DO46556","Ovary-AdenoCa",TRUE,3.68287495401972,2.06547971403852,0.81,69,19941,807.88,10.94,23.94,0,FALSE,"7.5x",1.81,1.12,2.76,597,0.07,0.02,0.12,0.15,0.08,0.24,"9e6806c4-d331-4025-abee-2f576e3bf182",0.65358361774744,4210.09488061463,0,218.858223062382,22,4841.93454518065,0.999889452332321,"Ovary",0.999848926858241,0.999976602159885,0.999989647891357,TRUE,"Ovary-AdenoCA",0.971,754,0,11642,0,366,0,0,0,0,0,0,0,0,0,0,0,0,0,0,0,0,0,0,0,0,0,0,0,0,0,0,0,0,0,0,0,0,0,0,0,0,0,0,0,6678,0,0,0,0,0,0,0,0,0,0,0,0,0,0,0,0,0,0,0,0,"","",301,23,6,0,7,1,0,0,16,3,25,15,4,1,2,0,7,1,0,0,FALSE
"67","SP102161","123c9d1c-72ba-4d82-8e57-d5caa52a40ba",0.77,"Ovary","OV-AU::AOCS-168","Whitelist","AOCS-168","DO46597","OV-AU","AOCS-168-1","SP102161","AOCS-168-1-8","SA505872","Primary tumour - solid tissue","WGS","770e7523-fc38-5da1-ad4a-12a0bfa90fb8","9702d264f1ca2ccd195c35a67e141fcc.bam","WGS/ICGC/OV-AU/9702d264f1ca2ccd195c35a67e141fcc.bam.header",100,100,"ID:QCMG:20131226010748311,PL:ILLUMINA,CN:QCMG,PI:314,DT:2013-12-20T00:00:00+00:00,PM:Illumina HiSeq 2000,LB:WGS:QCMG:Library_NEW5709A2361AR10,SM:123c9d1c-72ba-4d82-8e57-d5caa52a40ba,PU:QCMG:AC33MUACXX_1",TRUE,0.79,3.2,0.579634890333333,0.301960137957694,2617876095,0.00560798796334291,0.0378881138011216,0.274248512729785,3.23021305030871,0.58,"SA505872","DO46597","Ovary-AdenoCa",TRUE,3.23021305030871,2.25147453584716,0.77,60,7345,538.71,37.94,105.7,0,FALSE,"7.5x",2.52,1.45,3.75,333,0.39,0.25,0.54,1.07,0.83,1.33,"123c9d1c-72ba-4d82-8e57-d5caa52a40ba",0.372239747634069,767.126652132443,0,46.0112359550562,7,1900.55252759232,0.821141333910791,"Ovary",0.793500885462594,0.950482221446707,0.983932097338656,TRUE,"Ovary-AdenoCA",0.977,575,372,4157,0,1668,0,0,0,0,0,0,0,0,0,0,0,491,0,0,0,0,0,0,0,0,0,0,0,0,0,0,0,0,0,0,0,0,0,0,0,0,0,0,0,0,0,0,0,0,0,0,0,0,0,0,0,0,0,0,0,0,0,0,0,0,"","",34,22,5,0,0,0,0,3,7,7,3,3,7,3,1,2,0,0,1,0,TRUE
"71","SP10470","a85cf239-ff51-46e7-9b88-4c2cb49c66b9",0.674,"Breast","BRCA-US::ccd4a24b-d8cc-4686-9dee-c98b0c5a8d21","Whitelist","ccd4a24b-d8cc-4686-9dee-c98b0c5a8d21","DO4963","BRCA-US","e4dee88b-58d0-4953-ad4a-a2df876f3c95","SP10470","a85cf239-ff51-46e7-9b88-4c2cb49c66b9","SA53799","Primary tumour - solid tissue","WGS","ea0ed473-abe5-59e5-8d9c-487f99c77e2c","PCAWG.e9558238-abeb-45c3-9ca4-15b43d0ed6e2.bam","WGS/TCGA/BRCA-US/PCAWG.e9558238-abeb-45c3-9ca4-15b43d0ed6e2.bam.header",100,100,"ID:WUGSC:2871736745,PL:ILLUMINA,CN:WUGSC,DT:2011-03-07T00:00:00Z,PI:346,LB:WGS:WUGSC:H_LS-A2-A04P-01A-31D-A128-09-lib4,PM:Illumina HiSeq 2000,SM:a85cf239-ff51-46e7-9b88-4c2cb49c66b9,PU:WUGSC:81LMEABXX_6",TRUE,NA,NA,0.721940376666667,0.271362277850733,2128974380,0.00268961807423346,0.0198135198135198,0.391523274914373,3.2089578115175,0.42,"SA53799","DO4963","Breast-AdenoCa",TRUE,3.2089578115175,2.16309705219971,0.674,36,11297,446.68,15.33,24.34,0,FALSE,"5x",1.2,0.92,2.79,145,0.17,0.07,0.27,0.26,0.14,0.4,"a85cf239-ff51-46e7-9b88-4c2cb49c66b9",0.578279266572638,3096.39614381108,205.232570516232,84.6833422032996,8,3616.458806881,0.999957137611978,"Breast",0.999902887053249,0.999955131889237,0.999977881982755,TRUE,"Breast-AdenoCA",0.968,383,247,8280,0,1507,0,0,0,0,0,0,0,0,0,0,0,702,0,0,0,0,0,0,0,0,0,0,0,0,0,0,0,0,0,0,0,0,0,0,0,0,0,0,0,0,0,0,0,0,0,0,0,0,0,0,0,0,0,0,0,0,0,0,0,0,"","",NA,NA,NA,NA,NA,NA,NA,NA,NA,NA,NA,NA,NA,NA,NA,NA,NA,NA,NA,NA,NA
"81","SP116335","fc806c50-2f6e-418d-e040-11ac0d485f01",0.22,"Breast","BRCA-UK::CGP_donor_1310131","Whitelist","CGP_donor_1310131","DO52540","BRCA-UK","CGP_specimen_1343251","SP116335","PD4845a","SA541816","Primary tumour - solid tissue","WGS","1cb9a3f5-2e69-532c-8b43-e3282152f9d1","45f14ecc7fbeecd5f0b200502403b2d8.bam","WGS/ICGC/BRCA-UK/45f14ecc7fbeecd5f0b200502403b2d8.bam.header",100,100,"ID:WTSI15619,PL:ILLUMINA,CN:WTSI,DT:2011-04-06T00:00:00.000+00:00,PI:373,LB:WGS:WTSI:8332,PM:Illumina HiSeq,SM:fc806c50-2f6e-418d-e040-11ac0d485f01,PU:WTSI:6002_6",TRUE,0.22,2.96,0.181085051,0.367036221680119,2109532259,0.00252225519287834,0.0189910979228487,0.562985367654737,2.85854036126396,0.6,"SA541816","DO52540","Breast-AdenoCa",TRUE,2.85854036126396,2.05042531902582,0.22,52,6807,513.89,1.88,2.01,0.02,TRUE,NA,NA,NA,NA,NA,NA,NA,NA,NA,NA,NA,"fc806c50-2f6e-418d-e040-11ac0d485f01",0.35920177383592,996.170760405942,40.0782778864971,155.804305283757,29,1613.89674952199,0.99707524034059,"Breast",0.993369186314317,0.996965285532284,0.998685786330601,TRUE,"Breast-AdenoCA",0.981,365,0,2674,0,1808,0,0,0,0,0,0,0,0,0,0,0,0,0,0,0,183,370,719,0,0,0,0,0,0,0,0,0,0,0,0,0,0,0,0,0,0,0,0,0,0,611,0,0,0,0,0,0,0,0,0,0,0,0,0,0,0,0,0,0,0,"","",49,14,3,2,3,0,3,1,19,8,9,4,10,0,1,0,0,0,2,0,TRUE
"90","SP116355","fc813235-5ed8-7695-e040-11ac0d485e3e",0.2,"Breast","BRCA-UK::CGP_donor_1363963","Whitelist","CGP_donor_1363963","DO52550","BRCA-UK","CGP_specimen_1414758","SP116355","PD6409a","SA541836","Primary tumour - solid tissue","WGS","23833083-3949-5c39-ba98-387f5519cc7e","febc6e5fa113b0ed1025b4fea982b145.bam","WGS/ICGC/BRCA-UK/febc6e5fa113b0ed1025b4fea982b145.bam.header",100,100,"ID:WTSI15611,PL:ILLUMINA,CN:WTSI,DT:2011-04-06T00:00:00.000+00:00,PI:336,LB:WGS:WTSI:8324,PM:Illumina HiSeq,SM:fc813235-5ed8-7695-e040-11ac0d485e3e,PU:WTSI:6001_6",TRUE,0.22,2.58,0.797790057333333,0.403476868832486,1862666145,0.00605398967844383,0.0236204843191743,0.342946253941372,3.0029790829461,0.31,"SA541836","DO52550","Breast-AdenoCa",TRUE,3.0029790829461,2.14322917777736,0.2,46,10207,499.48,2.49,3.03,0,FALSE,"5x",9.33,4.68,18.33,125,0.03,0,0.08,0.04,0,0.08,"fc813235-5ed8-7695-e040-11ac0d485e3e",0.50609756097561,2252.44135227829,61.4743390357698,115.390357698289,21,3120.11136697697,0.999849289989746,"Breast",0.999626742119011,0.999843843947933,0.999931687109369,TRUE,"Breast-AdenoCA",0.971,353,374,6257,0,1086,0,0,0,0,0,0,0,0,0,0,0,996,0,0,0,0,0,982,0,0,0,0,0,0,0,0,0,0,0,0,0,0,0,0,0,0,0,0,0,0,0,0,0,0,0,0,0,0,0,0,0,0,0,0,0,0,0,0,0,0,"","",51,25,2,15,6,1,0,2,5,1,7,9,0,3,2,0,9,1,2,0,TRUE
"91","SP116357","fc9f6916-da31-ab17-e040-11ac0c4808f3",0.28,"Breast","BRCA-UK::CGP_donor_1363965","Whitelist","CGP_donor_1363965","DO52551","BRCA-UK","CGP_specimen_1414762","SP116357","PD6411a","SA541838","Primary tumour - solid tissue","WGS","25b8da94-80bb-5dd3-99e4-d5241399ded8","15b95585cdc3b861b66f7240c41662c9.bam","WGS/ICGC/BRCA-UK/15b95585cdc3b861b66f7240c41662c9.bam.header",100,100,"ID:WTSI15613,PL:ILLUMINA,CN:WTSI,DT:2011-04-06T00:00:00.000+00:00,PI:310,LB:WGS:WTSI:8326,PM:Illumina HiSeq,SM:fc9f6916-da31-ab17-e040-11ac0c4808f3,PU:WTSI:6001_8",TRUE,0.28,2.84,0.146158449333333,0.362703118470387,1927872541,0.00254691689008043,0.0245308310991957,0.377967947272921,2.83821338317983,0.57,"SA541838","DO52551","Breast-AdenoCa",TRUE,2.83821338317983,2.36398306275971,0.28,36,7540,362,0,0,0.01,FALSE,"5x",20.6,12.26,27.47,174,0,0,0,0,0,0,"fc9f6916-da31-ab17-e040-11ac0c4808f3",0.527868852459016,2149.79761904762,105.963302752294,84.7706422018349,18,2135.33597883598,0.999900977846958,"Breast",0.99974917085541,0.999896507896675,0.999959176529519,TRUE,"Breast-AdenoCA",0.972,283,241,5222,0,1052,0,0,0,0,0,0,0,0,0,0,0,578,0,0,0,0,0,0,0,0,0,0,0,0,0,0,0,0,0,0,0,0,0,0,0,0,0,0,0,0,0,0,0,0,0,0,0,0,0,0,0,0,0,0,0,0,0,0,0,0,"","",52,33,2,12,23,2,3,7,15,11,17,5,0,2,5,0,15,1,7,3,TRUE
"92","SP116359","fc9f6cb0-ceb9-790d-e040-11ac0c480ad1",0.46,"Breast","BRCA-UK::CGP_donor_1363969","Whitelist","CGP_donor_1363969","DO52552","BRCA-UK","CGP_specimen_1414770","SP116359","PD6415a","SA541840","Primary tumour - solid tissue","WGS","c00725b5-2d34-5e25-aad2-da43169020f5","b78c9fe7bf1aa96b21bc94aa72ba0d04.bam","WGS/ICGC/BRCA-UK/b78c9fe7bf1aa96b21bc94aa72ba0d04.bam.header",100,100,"ID:WTSI15616,PL:ILLUMINA,CN:WTSI,DT:2011-04-06T00:00:00.000+00:00,PI:335,LB:WGS:WTSI:8329,PM:Illumina HiSeq,SM:fc9f6cb0-ceb9-790d-e040-11ac0c480ad1,PU:WTSI:6002_3",TRUE,0.5,2.3,0.812531531666667,0.280602973602505,2065585186,0.0105751591669364,0.0386317038955433,0.557230503991797,2.56876599704855,0.39,"SA541840","DO52552","Breast-AdenoCa",TRUE,2.56876599704855,1.63827171716367,0.46,62,9367,412.9,42.79,112.7,0,FALSE,"5x",2.5,1.78,4.74,196,0.81,0.56,1.09,2.09,1.67,2.52,"fc9f6cb0-ceb9-790d-e040-11ac0c480ad1",0.562962962962963,1760.1209342007,250.18395879323,67.0493009565857,15,2465.86749493441,0.999956722569563,"Breast",0.999905908660644,0.999955515662119,0.999977038343724,TRUE,"Breast-AdenoCA",0.988,395,735,5065,0,1647,0,0,0,0,0,0,0,0,0,0,0,1385,0,0,0,0,0,0,0,0,0,0,0,0,0,0,0,0,0,0,0,0,0,0,0,0,0,0,0,0,0,0,0,0,0,0,0,0,0,0,0,0,0,0,0,0,0,0,0,0,"","",82,70,5,5,7,3,2,3,10,16,4,6,4,1,5,2,6,2,2,1,TRUE
"99","SP116373","fc63cbab-d27a-5ebb-e040-11ac0c48724f",0.51,"Breast","BRCA-UK::CGP_donor_1503143","Whitelist","CGP_donor_1503143","DO52559","BRCA-UK","CGP_specimen_1564219","SP116373","PD9592a","SA541854","Primary tumour - solid tissue","WGS","e405e047-ebec-5dda-a650-7f7fbb28e0d6","cb07f7195409403cba42b2276cb2ee27.bam","WGS/ICGC/BRCA-UK/cb07f7195409403cba42b2276cb2ee27.bam.header",100,100,"ID:WTSI38353,PL:ILLUMINA,CN:WTSI,DT:2012-07-31T00:00:00.000+00:00,PI:307,LB:WGS:WTSI:21541,PM:Illumina HiSeq,SM:fc63cbab-d27a-5ebb-e040-11ac0c48724f,PU:WTSI:8132_8#160",TRUE,0.5,2.76,0.433385600666667,0.261482886895448,2219053070,0.00350915670577914,0.021822568264064,0.458773566056169,2.68744126361423,0.52,"SA541854","DO52559","Breast-AdenoCa",TRUE,2.68744126361423,2.0030525211552,0.51,42,9148,393.03,24.2,53.22,0,FALSE,"5x",4.12,2.6,6.19,198,0.38,0.23,0.56,0.83,0.59,1.09,"fc63cbab-d27a-5ebb-e040-11ac0c48724f",0.552123552123552,2849.69534693878,71.7581227436823,153.050541516245,22,2945.78046258503,0.999955166430474,"Breast",0.999909608215122,0.999953764920481,0.999976618822039,TRUE,"Breast-AdenoCA",0.965,413,176,7162,0,765,0,0,0,0,0,0,0,0,0,0,0,521,0,0,0,0,0,0,0,0,0,0,0,0,0,0,0,0,0,0,0,0,0,0,0,0,0,0,0,0,0,0,0,0,0,0,0,0,0,0,0,0,0,0,0,0,0,0,0,0,"","",94,77,1,10,6,0,2,5,20,36,38,27,2,2,3,0,3,1,2,0,TRUE
"102","SP116379","fca6150f-d555-a29e-e040-11ac0d4873b2",0.42,"Breast","BRCA-UK::CGP_donor_1701345","Whitelist","CGP_donor_1701345","DO52562","BRCA-UK","CGP_specimen_1781445","SP116379","PD13622a","SA541860","Primary tumour - solid tissue","WGS","9e71f958-a1bc-5d50-91ba-d718bdff3020","eb5f6eee937da5537ce407964e3af9f5.bam","WGS/ICGC/BRCA-UK/eb5f6eee937da5537ce407964e3af9f5.bam.header",100,100,"ID:WTSI68941,PL:ILLUMINA,CN:WTSI,DT:2013-09-19T00:00:00.000+00:00,PI:431,LB:WGS:WTSI:35486,PM:Illumina HiSeq,SM:fca6150f-d555-a29e-e040-11ac0d4873b2,PU:WTSI:10644_3#14",TRUE,0.43,2.86,0.855319997333333,0.38033646945485,1870054007,0.00473186119873817,0.0364747634069401,0.339461758972178,2.77866241907525,0.28,"SA541860","DO52562","Breast-AdenoCa",TRUE,2.77866241907525,2.53023485659122,0.42,49,5145,700.39,91,134.43,0,FALSE,"5x",28.22,18.82,34.77,213,1.13,0.86,1.39,1.65,1.37,1.97,"fca6150f-d555-a29e-e040-11ac0d4873b2",0.335329341317365,506.992704280156,0,69.4719562243502,9,478.464980544747,0.73114328135391,"Breast",0.409659894966845,0.720074348638521,0.898298967527608,TRUE,"Breast-AdenoCA",0.97,622,0,0,0,3012,0,0,0,0,0,0,0,0,0,0,0,0,0,0,0,0,0,1463,0,0,0,0,0,0,0,0,0,0,0,0,0,0,0,0,0,0,0,0,0,0,0,0,0,0,0,0,0,0,0,0,0,0,0,0,0,0,0,0,0,0,"","",36,4,2,2,4,0,1,0,4,0,15,1,0,0,0,0,3,0,1,0,TRUE
"137","SP117470","fc8130e0-a38a-23b9-e040-11ac0c48327f",0.384,"Breast","BRCA-EU::CGP_donor_1234120","Whitelist","CGP_donor_1234120","DO218269","BRCA-EU","CGP_specimen_1266569","SP117470","PD4604a","SA543282","Primary tumour - solid tissue","WGS","679da843-465d-58db-a541-35579fadf6c3","0f0bfdf8d64c44b955129ab1e8a9a046.bam","WGS/ICGC/BRCA-EU/0f0bfdf8d64c44b955129ab1e8a9a046.bam.header",100,100,"ID:WTSI10247,PL:ILLUMINA,CN:WTSI,DT:2011-01-26T00:00:00.000+00:00,PI:342,LB:WGS:WTSI:3229,PM:Illumina HiSeq,SM:fc8130e0-a38a-23b9-e040-11ac0c48327f,PU:WTSI:5687_1",TRUE,0.4,2.92,0.483004823333333,0.243419824528655,1807470013,0.00402106270943035,0.0332216371469603,0.321126959377475,2.87903582150913,0.37,"SA543282","DO218269","Breast-LobularCa",TRUE,2.87903582150913,2.71153097698951,0.384,49,10548,550.36,1.75,1.87,0.01,FALSE,NA,NA,NA,NA,NA,NA,NA,NA,NA,NA,NA,"fc8130e0-a38a-23b9-e040-11ac0c48327f",0.640122511485452,1690.87409510291,0,155.631039531479,15,3754.55897799858,0.999649384868759,"Breast",0.999323293958789,0.999637848437007,0.999809169144123,TRUE,"Breast-LobularCA",0.967,467,450,7558,0,1327,0,0,0,0,0,0,0,0,0,0,0,458,0,0,0,0,0,0,0,0,0,0,0,0,0,0,0,0,0,0,0,0,0,0,0,0,0,0,0,0,0,0,0,0,0,0,0,0,0,0,0,0,0,0,0,0,0,0,0,0,"","",119,36,2,11,34,2,3,6,25,5,40,14,17,4,5,1,24,1,12,0,TRUE
"138","SP117538","fc8130e3-01ba-c740-e040-11ac0c483291",0.6,"Breast","BRCA-EU::CGP_donor_1475200","Whitelist","CGP_donor_1475200","DO218333","BRCA-EU","CGP_specimen_1532748","SP117538","PD9000a","SA543399","Primary tumour - solid tissue","WGS","98b11c24-1041-5487-b518-6a3f520e6a08","39a6cd29b3215c01ee73b9ae4b9f968f.bam","WGS/ICGC/BRCA-EU/39a6cd29b3215c01ee73b9ae4b9f968f.bam.header",100,100,"ID:WTSI38343,PL:ILLUMINA,CN:WTSI,DT:2012-07-31T00:00:00.000+00:00,PI:325,LB:WGS:WTSI:21531,PM:Illumina HiSeq,SM:fc8130e3-01ba-c740-e040-11ac0c483291,PU:WTSI:8133_6#156",TRUE,0.6,3.7,0.345086097,0.392425279488934,2276727924,0.00420841683366733,0.0196392785571142,0.277653499027963,3.65629182185767,0.6,"SA543399","DO218333","Breast-AdenoCa",TRUE,3.65629182185767,2.29690229853278,0.6,51,10068,429.39,0.01,0.01,0,FALSE,"5x",5.31,3.32,10.14,212,0,0,0,0,0,0,"fc8130e3-01ba-c740-e040-11ac0c483291",0.618697478991597,1922.54275315351,0,181.23773006135,12,3011.81632347809,0.999478856852287,"Breast",0.998970819357482,0.999472745567447,0.999701934045861,TRUE,"Breast-AdenoCA",0.969,342,539,6859,0,1390,0,0,0,0,0,0,0,0,0,0,0,674,0,0,0,0,0,0,0,0,0,0,0,0,0,0,0,0,0,0,0,0,0,0,0,0,0,0,0,0,0,0,0,0,0,0,0,0,0,0,0,0,0,0,0,0,0,0,0,0,"","",49,133,9,4,13,10,8,3,3,30,14,16,23,59,0,1,8,4,10,8,TRUE
"161","SP117887","fc8130df-6860-7677-e040-11ac0d485ddc",0.48,"Breast","BRCA-EU::CGP_donor_1347723","Whitelist","CGP_donor_1347723","DO218656","BRCA-EU","CGP_specimen_1397716","SP117887","PD5928a","SA543977","Primary tumour - solid tissue","WGS","675ae16d-1d9d-5df9-864e-5443ac519323","19b911355b841c93bed9fbdd7c9ed5c6.bam","WGS/ICGC/BRCA-EU/19b911355b841c93bed9fbdd7c9ed5c6.bam.header",100,100,"ID:WTSI12618,PL:ILLUMINA,CN:WTSI,DT:2011-03-05T00:00:00.000+00:00,PI:309,LB:WGS:WTSI:5723,PM:Illumina HiSeq,SM:fc8130df-6860-7677-e040-11ac0d485ddc,PU:WTSI:5859_4",TRUE,0.63,2.12,0.420352159,0.310853914677963,2381410224,0.00400413329888918,0.0182123482304314,0.0937542363963831,4.19389823156004,0.62,"SA543977","DO218656","Breast-AdenoCa",TRUE,4.19389823156004,2.70098377679385,0.48,41,7787,474.65,0.01,0.01,0,FALSE,"5x",5.52,4.22,9.9,277,0,0,0,0,0,0,"fc8130df-6860-7677-e040-11ac0d485ddc",0.632063074901445,1185.05425511447,0,107.87456445993,5,2908.45174116591,0.998609372231007,"Breast",0.99666051681147,0.998598748017673,0.999658850460157,TRUE,"Breast-AdenoCA",0.959,428,307,5688,0,998,0,0,0,0,0,0,0,0,0,0,0,195,0,0,0,0,0,0,0,0,0,0,0,0,0,0,0,0,0,0,0,0,0,0,0,0,0,0,0,0,0,0,0,0,0,0,0,0,0,0,0,0,0,0,0,0,0,0,0,0,"","",96,8,7,0,6,0,0,0,0,0,2,1,0,0,0,0,5,0,0,0,FALSE
"163","SP117919","fc8130df-90ba-5d94-e040-11ac0d485e0c",0.499,"Breast","BRCA-EU::CGP_donor_1353434","Whitelist","CGP_donor_1353434","DO218684","BRCA-EU","CGP_specimen_1403861","SP117919","PD6049a","SA544029","Primary tumour - solid tissue","WGS","f679c5a7-5849-5a14-8846-bb5eb797dfe3","74a5c71078d87c1fb3272b24cb54977c.bam","WGS/ICGC/BRCA-EU/74a5c71078d87c1fb3272b24cb54977c.bam.header",100,100,"ID:WTSI12717,PL:ILLUMINA,CN:WTSI,DT:2011-03-09T00:00:00.000+00:00,PI:293,LB:WGS:WTSI:5828,PM:Illumina HiSeq,SM:fc8130df-90ba-5d94-e040-11ac0d485e0c,PU:WTSI:5860_8",TRUE,0.5,3.1,1.34201324933333,0.343368425152146,2560714844,0.00777230432402846,0.0465243568691845,0.462982824655358,2.66437969757005,0.22,"SA544029","DO218684","Breast-AdenoCa",TRUE,2.66437969757005,2.21287508937591,0.499,NA,9180,312.85,80.16,147.58,0.01,FALSE,"5x",NA,NA,NA,NA,NA,NA,NA,NA,NA,NA,"fc8130df-90ba-5d94-e040-11ac0d485e0c",0.62753036437247,1526.92487370308,0,140.447916666667,25,2444.47607148677,0.999685741089474,"Breast",0.999615538532396,0.999959772988104,0.999979009801976,TRUE,"Breast-AdenoCA",0.974,367,548,5710,0,1655,0,0,0,0,0,0,0,0,0,0,0,723,0,0,0,0,0,0,0,0,0,0,0,0,0,0,0,0,0,0,0,0,0,0,0,0,0,0,0,0,0,0,0,0,0,0,0,0,0,0,0,0,0,0,0,0,0,0,0,0,"","",67,61,4,8,4,4,7,2,18,19,13,13,9,3,3,0,11,2,0,4,TRUE
"165","SP117944","fc8130e0-0f1a-b6eb-e040-11ac0c48328f",0.29,"Breast","BRCA-EU::CGP_donor_1353427","Whitelist","CGP_donor_1353427","DO218709","BRCA-EU","CGP_specimen_1403847","SP117944","PD6042a","SA544072","Primary tumour - solid tissue","WGS","2c2898d6-7302-5256-b909-9c0ecab798ab","56cca90bdcc617f2f4df5d3bab56b432.bam","WGS/ICGC/BRCA-EU/56cca90bdcc617f2f4df5d3bab56b432.bam.header",100,100,"ID:WTSI12714,PL:ILLUMINA,CN:WTSI,DT:2011-03-09T00:00:00.000+00:00,PI:280,LB:WGS:WTSI:5825,PM:Illumina HiSeq,SM:fc8130e0-0f1a-b6eb-e040-11ac0c48328f,PU:WTSI:5860_5",TRUE,0.29,2.8,0.201576750333333,0.357945611334555,1527712798,0.00411871592973955,0.0328285887341005,0.420836880834424,2.7034179756116,0.42,"SA544072","DO218709","Breast-AdenoCa",TRUE,2.7034179756116,2.32592600914851,0.29,59,8341,398.32,0.01,0.01,0,FALSE,"5x",17.07,9.23,30,144,0,0,0,0,0,0,"fc8130e0-0f1a-b6eb-e040-11ac0c48328f",0.55470737913486,873.790483039674,0,47.6785714285714,19,1981.02499101043,0.996809741360119,"Breast",0.99309980136503,0.996750311030087,0.99876587377703,TRUE,"Breast-AdenoCA",0.969,179,750,0,0,4815,0,0,0,0,0,0,0,0,0,0,0,1340,0,0,0,0,0,1094,0,0,0,0,0,0,0,0,0,0,0,0,0,0,0,0,0,0,0,0,0,0,0,0,0,0,0,0,0,0,0,0,0,0,0,0,0,0,0,0,0,0,"","",35,13,0,9,10,1,1,6,7,1,8,6,5,3,3,0,7,2,6,0,TRUE
"174","SP11948","b752b444-f033-4be4-9d24-e5e80b4181af",0.641,"Breast","BRCA-US::b58ad350-5140-4fa8-bc2c-24bca8395f3a","Whitelist","b58ad350-5140-4fa8-bc2c-24bca8395f3a","DO5696","BRCA-US","6dd4870f-1ec2-484b-8703-6397d8e67daa","SP11948","b752b444-f033-4be4-9d24-e5e80b4181af","SA72823","Primary tumour - solid tissue","WGS","572959c8-a94f-557d-b23d-fa48a8e7973a","PCAWG.e46e9b2f-1eb0-49c6-84fd-ebb4db64c4d8.bam","WGS/TCGA/BRCA-US/PCAWG.e46e9b2f-1eb0-49c6-84fd-ebb4db64c4d8.bam.header",100,100,"ID:WUGSC:2872736242,PL:ILLUMINA,CN:WUGSC,DT:2011-03-19T00:00:00Z,PI:342,LB:WGS:WUGSC:H_LS-A2-A04T-01A-21D-A128-09-lib4,PM:Illumina HiSeq 2000,SM:b752b444-f033-4be4-9d24-e5e80b4181af,PU:WUGSC:81LLNABXX_6",TRUE,0.79,1.66,0.627530450333333,0.311259906249644,2053725865,0.00599858856739591,0.0243472124206069,0.53550067580759,3.18869869450586,0.42,"SA72823","DO5696","Breast-AdenoCa",TRUE,3.18869869450586,1.69449913441944,0.641,62,8565,495.81,0.52,0.53,0,FALSE,"5x",3.56,1.73,8.04,154,0.01,0,0.04,0.01,0,0.04,"b752b444-f033-4be4-9d24-e5e80b4181af",0.664548919949174,2111.89727585603,340.630350194552,97.2509727626459,16,2681.96465029458,0.99999539346101,"Breast",0.999991740593977,0.999995365507718,0.99999729983859,TRUE,"Breast-AdenoCA",0.974,446,331,6196,0,963,0,0,0,0,0,0,0,0,0,0,0,510,0,0,0,0,0,0,0,0,0,0,0,0,0,0,0,0,0,0,0,0,0,0,0,0,0,0,0,0,0,0,0,0,0,0,0,0,0,0,0,0,0,0,0,0,0,0,0,0,"","",391,25,9,2,41,1,0,0,30,3,11,3,1,3,20,1,22,1,2,0,FALSE
"175","SP12049","5dbf3203-ce73-41e4-bf9a-32fc856f73f5",0.608,"Breast","BRCA-US::9f6be944-83de-42ab-8738-f0022f475e61","Whitelist","9f6be944-83de-42ab-8738-f0022f475e61","DO5745","BRCA-US","143fc27d-e119-48ff-a5ea-bd6aafc0404e","SP12049","5dbf3203-ce73-41e4-bf9a-32fc856f73f5","SA74051","Primary tumour - solid tissue","WGS","d537dcc7-3e64-5598-8919-9732ae4e4c11","PCAWG.bf9e4936-6222-42eb-aecd-2f15c6811b1a.bam","WGS/TCGA/BRCA-US/PCAWG.bf9e4936-6222-42eb-aecd-2f15c6811b1a.bam.header",100,100,"ID:WUGSC:2893192439,PL:ILLUMINA,CN:WUGSC,DT:2013-07-26T00:00:00Z,PI:0,LB:WGS:WUGSC:H_LS-GI-A2C9-01A-11D-A21Q-09-lg1-lib1b,PM:Illumina HiSeq 2000,SM:5dbf3203-ce73-41e4-bf9a-32fc856f73f5,PU:WUGSC:C25H8ACXX_3",TRUE,0.81,1.66,0,NA,1739973950,0.0110134809821858,0.056090515166105,0.345908288347084,3.17466520623792,0.57,"SA74051","DO5745","Breast-AdenoCa",TRUE,3.17466520623792,2.3947303183766,0.608,58,16791,500.83,160.74,351.45,0.01,FALSE,"5x",5.76,4.42,7.29,423,2.68,2.17,3.22,5.55,4.86,6.29,"5dbf3203-ce73-41e4-bf9a-32fc856f73f5",0.594214229867084,2928.38325478733,576.331797235023,154.285714285714,9,6553.42823480284,0.999989522922658,"Breast",0.999978976321697,0.999989055578633,0.999993867809382,TRUE,"Breast-AdenoCA",0.961,706,429,12505,0,1417,0,0,0,0,0,0,0,0,0,0,0,386,0,0,0,0,0,0,0,0,0,0,0,0,0,0,0,0,0,0,0,0,0,0,0,0,0,0,0,0,1010,0,0,0,0,0,0,0,0,0,0,0,0,0,0,0,0,0,0,0,"","",308,6,2,5,13,1,0,0,11,2,13,0,0,0,5,0,17,1,0,0,FALSE
"180","SP124197","fc8130df-8ec8-5b1e-e040-11ac0d485e06",0.699,"Breast","BRCA-EU::CGP_donor_1353428","Whitelist","CGP_donor_1353428","DO220823","BRCA-EU","CGP_specimen_1403849","SP124197","PD6043a","SA557034","Primary tumour - solid tissue","WGS","d3dd745f-3ed4-53e8-b588-8ed81fe45f2e","727185bb203cb1d0a2aa6059a6f00a65.bam","WGS/ICGC/BRCA-EU/727185bb203cb1d0a2aa6059a6f00a65.bam.header",100,100,"ID:WTSI12622,PL:ILLUMINA,CN:WTSI,DT:2011-03-05T00:00:00.000+00:00,PI:307,LB:WGS:WTSI:5727,PM:Illumina HiSeq,SM:fc8130df-8ec8-5b1e-e040-11ac0d485e06,PU:WTSI:5859_7",TRUE,0.7,2.58,0.267385346,0.326676457945265,2564802632,0.0139785405890651,0.0614286324969008,0.768062944798532,2.51455171223391,0.7,"SA557034","DO220823","Breast-AdenoCa",TRUE,2.51455171223391,1.39635359934526,0.699,82,23441,553.93,22.24,60.53,0,FALSE,"5x",3.06,2.16,4.14,399,0.36,0.22,0.53,0.98,0.72,1.24,"fc8130df-8ec8-5b1e-e040-11ac0d485e06",0.540130151843818,1688.9541025641,67.7547169811321,136.51320754717,12,4312.54294871795,0.999872647151731,"Breast",0.999737443951468,0.999866354473418,0.99992543615518,TRUE,"Breast-AdenoCA",0.994,278,6452,8871,0,350,0,0,0,0,0,0,0,0,0,0,0,7286,0,0,0,0,0,0,0,0,0,0,0,0,0,0,0,0,0,0,0,0,0,0,0,0,0,0,0,0,0,0,0,0,0,0,0,0,0,0,0,0,0,0,0,0,0,0,0,0,"","",98,125,5,1,3,6,1,0,59,80,12,3,14,22,3,1,2,0,3,5,TRUE
"190","SP2147","f393bafe-7503-5c45-e040-11ac0d484511",0.58,"Breast","BRCA-UK::CGP_donor_1167078","Whitelist","CGP_donor_1167078","DO1004","BRCA-UK","CGP_specimen_1195364","SP2147","PD3945a","SA6137","Primary tumour - solid tissue","WGS","ecdc095c-f6cc-5916-bdac-2dcbe9609e52","99d91eaa92214a3809350b7acad4aaf2.bam","WGS/ICGC/BRCA-UK/99d91eaa92214a3809350b7acad4aaf2.bam.header",100,100,"ID:WTSI10475,PL:ILLUMINA,CN:WTSI,DT:2011-02-02T00:00:00.000+00:00,PI:450,LB:WGS:WTSI:816,PM:Illumina HiSeq,SM:f393bafe-7503-5c45-e040-11ac0d484511,PU:WTSI:5708_1",TRUE,0.58,3.9,0.504216980333333,0.288900007514227,2116534292,0.00238017071569271,0.0162508207485227,0.190632306614011,3.82307529293301,0.49,"SA6137","DO1004","Breast-AdenoCa",TRUE,3.82307529293301,2.58564983384949,0.58,59,12256,575.01,0.01,0.01,0,FALSE,"5x",8.44,5.66,16.79,233,0,0,0,0,0,0,"f393bafe-7503-5c45-e040-11ac0d484511",0.629889669007021,1786.57288564318,0,125,18,3645.14870874301,0.999607002472308,"Breast",0.999351019001955,0.999675304402383,0.999948078938427,TRUE,"Breast-AdenoCA",0.974,373,474,6709,0,2634,0,0,0,0,0,0,0,0,0,0,0,531,0,0,0,0,0,1279,0,0,0,0,0,0,0,0,0,0,0,0,0,0,0,0,0,0,0,0,0,0,0,0,0,0,0,0,0,0,0,0,0,0,0,0,0,0,0,0,0,0,"","",39,32,5,5,4,2,2,7,1,3,14,8,20,14,0,0,2,0,3,2,TRUE
"193","SP2151","f393bb0c-4178-ca4a-e040-11ac0d48455f",0.36,"Breast","BRCA-UK::CGP_donor_1187031","Whitelist","CGP_donor_1187031","DO1008","BRCA-UK","CGP_specimen_1215563","SP2151","PD4086a","SA6149","Primary tumour - solid tissue","WGS","9b1e3c7d-edd9-5be5-8f39-b709a5d3ec05","92706898d41bca1d4cd94fa8499e829d.bam","WGS/ICGC/BRCA-UK/92706898d41bca1d4cd94fa8499e829d.bam.header",108,108,"ID:WTSI4211,PL:ILLUMINA,CN:WTSI,DT:2010-03-30T00:00:00.000+00:00,PI:410,LB:WGS:WTSI:826,PM:Illumina Genome Analyzer II,SM:f393bb0c-4178-ca4a-e040-11ac0d48455f,PU:WTSI:4402_3",TRUE,0.53,1.54,0.405754082333333,0.329513199712296,2589676460,0.0067600193143409,0.030902945436987,0.495810775028864,2.74306799506102,0.65,"SA6149","DO1008","Breast-AdenoCa",TRUE,2.74306799506102,1.72055343379119,0.36,58,2120,198,1.27,1.45,0.03,TRUE,NA,NA,NA,NA,NA,NA,NA,NA,NA,NA,NA,"f393bb0c-4178-ca4a-e040-11ac0d48455f",0.327586206896552,230.271546635183,10.0564971751412,30.1694915254237,18,191.225501770956,0.903767484847509,"Breast",0.495867979749882,0.887800988922842,0.986281448368994,TRUE,"Breast-AdenoCA",0.983,146,255,0,0,1280,0,0,0,0,0,0,0,0,0,0,0,427,0,0,0,0,0,0,0,0,0,0,0,0,0,0,0,0,0,0,0,0,0,0,0,0,0,0,0,0,0,0,0,0,0,0,0,0,0,0,0,0,0,0,0,0,0,0,0,0,"","",22,1,0,1,1,0,0,0,1,0,1,0,0,0,1,0,1,0,0,0,FALSE
"196","SP2154","f393bb08-4121-cad8-e040-11ac0d484535",0.659,"Breast","BRCA-UK::CGP_donor_1199137","Whitelist","CGP_donor_1199137","DO1011","BRCA-UK","CGP_specimen_1227969","SP2154","PD4115a","SA6158","Primary tumour - solid tissue","WGS","f54771f0-c7ce-564e-871c-11eaf21bc0b2","ea40b5df5d9dcf15afd455997b8ec157.bam","WGS/ICGC/BRCA-UK/ea40b5df5d9dcf15afd455997b8ec157.bam.header",108,108,"ID:WTSI5161,PL:ILLUMINA,CN:WTSI,DT:2010-06-30T00:00:00.000+00:00,PI:450,LB:WGS:WTSI:939,PM:Illumina Genome Analyzer II,SM:f393bb08-4121-cad8-e040-11ac0d484535,PU:WTSI:4809_7",TRUE,0.66,3.9,0.344872778,0.243898557281344,2437977234,0.0044757642129321,0.0184744310065708,0.232721540960941,3.89276301505271,0.63,"SA6158","DO1011","Breast-AdenoCa",TRUE,3.89276301505271,2.39394109302182,0.659,54,10558,540.66,0,0,0,FALSE,"5x",6.51,4.66,9.81,319,0,0,0,0,0,0,"f393bb08-4121-cad8-e040-11ac0d484535",0.609029779058597,1930.65724046309,0,124.5,21,3312.27443537673,0.99952824380587,"Breast",0.999203601240247,0.999533931499489,0.999756619157844,TRUE,"Breast-AdenoCA",0.966,446,294,6870,0,1362,0,0,0,0,0,0,1046,0,0,0,0,310,0,0,0,0,0,0,0,0,0,0,0,0,0,0,0,0,0,0,0,0,0,0,0,0,0,0,0,0,0,0,0,0,0,0,0,0,0,0,0,0,0,0,0,0,0,0,0,0,"","",42,89,14,2,9,7,11,1,6,16,12,16,18,49,0,0,6,0,8,8,TRUE
"197","SP2155","f393bb07-270c-2c93-e040-11ac0d484533",0.718,"Breast","BRCA-UK::CGP_donor_1199138","Whitelist","CGP_donor_1199138","DO1012","BRCA-UK","CGP_specimen_1227971","SP2155","PD4116a","SA6161","Primary tumour - solid tissue","WGS","1ad4bd10-5da0-5f91-ab08-f448196ea34d","7723a85b59ebce340fe43fc1df504b35.bam","WGS/ICGC/BRCA-UK/7723a85b59ebce340fe43fc1df504b35.bam.header",100,100,"ID:WTSI10408,PL:ILLUMINA,CN:WTSI,DT:2011-01-28T00:00:00.000+00:00,PI:400,LB:WGS:WTSI:2244,PM:Illumina HiSeq,SM:f393bb07-270c-2c93-e040-11ac0d484533,PU:WTSI:5694_1",TRUE,0.7,3.25,0.917438692666667,0.238966092273483,2351899495,0.00641025641025641,0.0269672855879752,0.406213912329429,3.10684283311491,0.34,"SA6161","DO1012","Breast-AdenoCa",TRUE,3.10684283311491,2.25131111536904,0.718,32,9157,310.22,15.36,22.05,0.01,FALSE,"5x",NA,NA,NA,NA,0.23,0.1,0.37,0.33,0.18,0.49,"f393bb07-270c-2c93-e040-11ac0d484533",0.553412462908012,1585.12444831908,0,171.701527614571,30,3016.57614558928,0.999189026727306,"Breast",0.998445427738908,0.999152507059309,0.999528475732221,TRUE,"Breast-AdenoCA",0.976,234,536,6125,0,1251,0,0,0,0,0,0,0,0,0,0,0,828,0,0,0,0,0,0,0,0,0,0,0,0,0,0,0,0,0,0,0,0,0,0,0,0,0,0,0,0,0,0,0,0,0,0,0,0,0,0,0,0,0,0,0,0,0,0,0,0,"","",54,91,12,12,2,7,5,3,9,22,7,16,9,24,1,2,3,2,4,6,TRUE
"205","SP2357","f221cbb5-eefa-187f-e040-11ac0c481708",0.56,"Breast","BRCA-UK::CGP_donor_1199129","Whitelist","CGP_donor_1199129","DO1020","BRCA-UK","CGP_specimen_1227953","SP2357","PD4107a","SA6760","Primary tumour - solid tissue","WGS","b844a320-d3e8-5a88-9dd8-1dd9fce1392a","fb21dbec380434180ded9a1820c48330.bam","WGS/ICGC/BRCA-UK/fb21dbec380434180ded9a1820c48330.bam.header",108,108,"ID:WTSI4946,PL:ILLUMINA,CN:WTSI,DT:2010-06-06T00:00:00.000+00:00,PI:405,LB:WGS:WTSI:1054,PM:Illumina Genome Analyzer II,SM:f221cbb5-eefa-187f-e040-11ac0c481708,PU:WTSI:4714_3",TRUE,0.57,2.88,0.221119261333333,0.247825840058398,2100661766,0.00451619102527145,0.0348803689824157,0.385737634169145,2.83199604376041,0.58,"SA6760","DO1020","Breast-AdenoCa",TRUE,2.83199604376041,2.3188611801005,0.56,33,10558,456.22,9.17,15.24,0.01,FALSE,"5x",5.72,4.12,10.28,284,0.11,0.03,0.19,0.18,0.09,0.28,"f221cbb5-eefa-187f-e040-11ac0c481708",0.419642857142857,2276.07789254241,130.313253012048,101.243373493976,23,3537.17511608074,0.999571015920555,"Breast",0.999033728610788,0.999544864562673,0.999788528011695,TRUE,"Breast-AdenoCA",0.956,375,771,7221,0,1789,0,0,0,0,0,0,0,0,0,0,0,205,0,0,0,0,0,0,0,0,0,0,0,0,0,0,0,0,0,0,0,0,0,0,0,0,0,0,0,0,0,0,0,0,0,0,0,0,0,0,0,0,0,0,0,0,0,0,0,0,"","",145,47,2,10,20,1,2,4,15,9,64,16,30,14,5,0,7,1,10,0,TRUE
"210","SP2793","987528ac-437a-4eb8-a335-4f2076d5c006",0.818,"Breast","BRCA-US::b094e8b2-8ece-4b36-8025-18073a8b873c","Whitelist","b094e8b2-8ece-4b36-8025-18073a8b873c","DO1287","BRCA-US","2f4d3cea-30c8-4cf0-a610-33b3e20241e8","SP2793","987528ac-437a-4eb8-a335-4f2076d5c006","SA20573","Primary tumour - solid tissue","WGS","8d82cd3b-1823-5986-bb3e-5afcda174983","PCAWG.4e4fd519-4e5b-41f0-be68-f9ecc833e4bd.bam","WGS/TCGA/BRCA-US/PCAWG.4e4fd519-4e5b-41f0-be68-f9ecc833e4bd.bam.header",100,100,"ID:WUGSC:2893341484,PL:ILLUMINA,CN:WUGSC,DT:2013-07-30T00:00:00Z,PI:0,LB:WGS:WUGSC:H_LS-AO-A124-01A-11D-A10M-09-lg1-lib1b,PM:Illumina HiSeq 2000,SM:987528ac-437a-4eb8-a335-4f2076d5c006,PU:WUGSC:D283RACXX_3",TRUE,0.82,2.82,0.125565264333333,0.126587163651781,1909975230,0.00892977037733315,0.0508929770377333,0.656150537509869,2.74851095511442,0.56,"SA20573","DO1287","Breast-AdenoCa",TRUE,2.74851095511442,1.95630420587385,0.818,38,15061,551.99,8.37,24.96,0,FALSE,"5x",5.88,4.31,10.24,297,0.08,0.03,0.14,0.24,0.15,0.36,"987528ac-437a-4eb8-a335-4f2076d5c006",0.627966645285439,3516.4691903749,399.523622047244,145.69094488189,11,4822.44329965435,0.999993692185199,"Breast",0.999988461299553,0.999993635667727,0.999996045354294,TRUE,"Breast-AdenoCA",0.973,359,243,8988,0,2793,0,0,0,0,0,0,0,0,0,0,0,560,0,0,0,0,0,1826,0,0,0,0,0,0,0,0,0,0,0,0,0,0,0,0,0,0,0,0,0,0,0,0,0,0,0,0,0,0,0,0,0,0,0,0,0,0,0,0,0,0,"","",333,188,1,10,30,4,3,0,140,104,89,37,42,36,0,1,17,0,13,4,TRUE
"213","SP2826","43f7a2e0-fec9-4e43-872d-18c6c946fa17",0.42,"Breast","BRCA-US::18eb4dfc-556f-4bf3-a411-4780209ed1e0","Whitelist","18eb4dfc-556f-4bf3-a411-4780209ed1e0","DO1301","BRCA-US","fc1f0ad4-8412-4143-8ebf-fa6592f396e9","SP2826","43f7a2e0-fec9-4e43-872d-18c6c946fa17","SA22515","Primary tumour - solid tissue","WGS","50283a39-2e41-5d2e-8cc4-51289fc68b7d","PCAWG.c4c060a7-3b4c-4665-944f-e3ab9fcf9c48.bam","WGS/TCGA/BRCA-US/PCAWG.c4c060a7-3b4c-4665-944f-e3ab9fcf9c48.bam.header",100,100,"ID:WUGSC:2872445544,PL:ILLUMINA,CN:WUGSC,DT:2011-03-17T00:00:00Z,PI:322,LB:WGS:WUGSC:H_LS-BH-A0B3-01A-11D-A128-09-lib4,PM:Illumina HiSeq 2000,SM:43f7a2e0-fec9-4e43-872d-18c6c946fa17,PU:WUGSC:81LK1ABXX_8",TRUE,0.48,2.18,1.02315421666667,0.315886919461437,2407210028,0.0109821148415438,0.0357703169124569,0.587397729084739,2.53005884898197,0.33,"SA22515","DO1301","Breast-AdenoCa",TRUE,2.53005884898197,1.84084125542257,0.42,53,3230,406.67,1.5,1.58,0.01,FALSE,"5x",3.92,2.34,9.13,118,0.03,0,0.09,0.03,0,0.09,"43f7a2e0-fec9-4e43-872d-18c6c946fa17",0.400763358778626,602.906670793995,189.856115107914,0,16,397.93839962854,0.982791076249828,"Breast",0.955794602494302,0.981922087248636,0.993099784772308,TRUE,"Breast-AdenoCA",0.97,350,146,1338,0,1180,0,0,0,0,0,0,0,0,0,0,0,186,0,0,0,0,0,0,0,0,0,0,0,0,0,0,0,0,0,0,0,0,0,0,0,0,0,0,0,0,0,0,0,0,0,0,0,0,0,0,0,0,0,0,0,0,0,0,0,0,"","",40,31,3,5,2,0,1,2,7,10,1,1,0,0,0,0,2,0,0,0,TRUE
"216","SP3016","418e916b-7a4e-4fab-8616-15dcec4d79f8",0.559,"Breast","BRCA-US::8785012f-f73e-4d68-87cf-1d804af32782","Whitelist","8785012f-f73e-4d68-87cf-1d804af32782","DO1392","BRCA-US","79fc9ed3-4e96-4c0e-869e-1756cbdabb39","SP3016","418e916b-7a4e-4fab-8616-15dcec4d79f8","SA27437","Primary tumour - solid tissue","WGS","35a2844a-8726-523a-9a9a-269b519260ec","PCAWG.2cfe323e-a7c1-4d7c-8b49-dbb4df3ce0ed.bam","WGS/TCGA/BRCA-US/PCAWG.2cfe323e-a7c1-4d7c-8b49-dbb4df3ce0ed.bam.header",100,100,"ID:WUGSC:2893176047,PL:ILLUMINA,CN:WUGSC,DT:2013-07-23T00:00:00Z,PI:0,LB:WGS:WUGSC:H_LS-A7-A13D-01A-13D-A12Q-09-lg1-lib2,PM:Illumina HiSeq 2000,SM:418e916b-7a4e-4fab-8616-15dcec4d79f8,PU:WUGSC:C26B0ACXX_4",TRUE,0.73,1.46,0.409187370666667,0.302171965965074,2415009428,0.00535194880744619,0.0286212914485166,0.638453115573496,2.85495643400906,0.61,"SA27437","DO1392","Breast-AdenoCa",TRUE,2.85495643400906,2.00792041357845,0.559,46,8676,540.73,25.1,46.16,0.01,FALSE,"5x",3.88,2.71,5.65,309,0.3,0.17,0.44,0.55,0.37,0.72,"418e916b-7a4e-4fab-8616-15dcec4d79f8",0.374768089053803,2283.71337542721,0,81,27,1478.08121415745,0.970432826842827,"Breast",0.937762098640977,0.969478052996686,0.984574478294827,TRUE,"Breast-AdenoCA",0.981,470,335,4838,0,2256,0,0,0,0,0,0,0,0,0,0,0,673,0,0,0,0,0,0,0,0,0,0,0,0,0,0,0,0,0,0,0,0,0,0,0,0,0,0,0,0,0,0,0,0,0,0,0,0,0,0,0,0,0,0,0,0,0,0,0,0,"","",119,8,2,2,3,1,0,0,2,0,8,4,0,0,2,0,4,1,0,0,FALSE
"218","SP3415","110b5f05-ded7-45ec-b0f6-a941c92d77dd",0.47,"Breast","BRCA-US::a9b7d7fe-be31-4f71-afee-c1bfdf511888","Whitelist","a9b7d7fe-be31-4f71-afee-c1bfdf511888","DO1559","BRCA-US","cf11642a-eb96-4b37-b914-371c71f8e0ca","SP3415","110b5f05-ded7-45ec-b0f6-a941c92d77dd","SA33754","Primary tumour - solid tissue","WGS","2595afde-87e6-54b1-9023-f6e2b3d3633c","PCAWG.23c18105-3eaf-4de5-81f2-90593277fb81.bam","WGS/TCGA/BRCA-US/PCAWG.23c18105-3eaf-4de5-81f2-90593277fb81.bam.header",100,100,"ID:WUGSC:2871815691,PL:ILLUMINA,CN:WUGSC,DT:2011-03-08T00:00:00Z,PI:194,LB:WGS:WUGSC:H_LS-AO-A0J4-01A-11D-A128-09-lib1,PM:Illumina HiSeq 2000,SM:110b5f05-ded7-45ec-b0f6-a941c92d77dd,PU:WUGSC:81LLKABXX_2",TRUE,0.47,2.92,1.298286988,0.299242424242426,2183215593,0.0108671297333632,0.0346179699753529,0.339264999395327,2.73359411720743,0.16,"SA33754","DO1559","Breast-AdenoCa",TRUE,2.73359411720743,2.11115335384267,0.47,41,9024,416.76,22.73,32.53,0,FALSE,"5x",NA,NA,NA,NA,0.34,0.2,0.52,0.49,0.32,0.67,"110b5f05-ded7-45ec-b0f6-a941c92d77dd",0.510416666666667,2124.53146853147,60.1307189542484,81.1764705882353,9,1920.19180819181,0.999637232243033,"Breast",0.999143665685584,0.999627576773313,0.999839730359724,TRUE,"Breast-AdenoCA",0.985,349,614,5084,0,982,0,0,0,0,0,0,0,0,0,0,0,1880,0,0,0,0,0,0,0,0,0,0,0,0,0,0,0,0,0,0,0,0,0,0,0,0,0,0,0,0,0,0,0,0,0,0,0,0,0,0,0,0,0,0,0,0,0,0,0,0,"","",18,45,1,2,1,1,1,9,1,6,5,7,1,3,0,0,1,1,2,1,TRUE
"221","SP4472","d5372745-95cf-4572-a6e7-e7f5b796911a",0.503,"Breast","BRCA-US::441919eb-8c9f-478c-bda3-8de4f8295e8a","Whitelist","441919eb-8c9f-478c-bda3-8de4f8295e8a","DO2055","BRCA-US","e3cf8f8c-8fe6-45e2-b786-7db5590c08cb","SP4472","d5372745-95cf-4572-a6e7-e7f5b796911a","SA49664","Primary tumour - solid tissue","WGS","66086536-a0cb-5c8b-a96e-08f1c65c2199","PCAWG.ef8914fd-cb87-4380-86e2-2633ba876665.bam","WGS/TCGA/BRCA-US/PCAWG.ef8914fd-cb87-4380-86e2-2633ba876665.bam.header",100,100,"ID:WUGSC:2886682386,PL:ILLUMINA,CN:WUGSC,DT:2012-06-01T00:00:00Z,PI:235,LB:WGS:WUGSC:H_LS-C8-A12L-01A-11D-A19H-09-lib1,PM:Illumina HiSeq 2000,SM:d5372745-95cf-4572-a6e7-e7f5b796911a,PU:WUGSC:C0WAUACXX_1",TRUE,0.5,3.4,0.400535918,0.258421421058176,1972239587,0.00795487416835406,0.0321087648249928,0.503559760146338,3.30319306481016,0.49,"SA49664","DO2055","Breast-AdenoCa",TRUE,3.30319306481016,1.75726296314098,0.503,67,6952,365.78,0.05,0.05,0,FALSE,"5x",1.37,0.56,4.44,165,0,0,0,0,0,0,"d5372745-95cf-4572-a6e7-e7f5b796911a",0.649275362318841,1533.85238368754,496.167567567568,67.3621621621622,13,1237.36415852958,0.999992165807292,"Breast",0.999983885515498,0.999991886488621,0.999995574618296,TRUE,"Breast-AdenoCA",0.987,250,303,3385,0,1620,0,0,0,0,0,0,0,0,0,0,0,572,0,0,0,0,0,727,0,0,0,0,0,0,0,0,0,0,0,0,0,0,0,0,0,0,0,0,0,0,0,0,0,0,0,0,0,0,0,0,0,0,0,0,0,0,0,0,0,0,"","",101,252,7,6,7,3,6,3,22,112,34,22,18,66,6,1,5,0,3,3,TRUE
"227","SP4875","207f8a42-5b05-4876-b0ae-ebfaeea27844",0.669,"Breast","BRCA-US::d2f2560c-ec80-4fea-9474-c47a2e85ea95","Whitelist","d2f2560c-ec80-4fea-9474-c47a2e85ea95","DO2252","BRCA-US","4f5e142f-d936-469d-abaa-37baf6f045af","SP4875","207f8a42-5b05-4876-b0ae-ebfaeea27844","SA55071","Primary tumour - solid tissue","WGS","8aadf820-175a-533e-91cc-c5a496d822c5","PCAWG.95f4764f-dff6-49aa-80dc-6d7b2b1c020a.bam","WGS/TCGA/BRCA-US/PCAWG.95f4764f-dff6-49aa-80dc-6d7b2b1c020a.bam.header",100,100,"ID:WUGSC:2887551919,PL:ILLUMINA,CN:WUGSC,DT:2012-07-12T00:00:00Z,PI:199,LB:WGS:WUGSC:H_LS-AO-A0J2-01A-11D-A19H-09-lib1,PM:Illumina HiSeq 2000,SM:207f8a42-5b05-4876-b0ae-ebfaeea27844,PU:WUGSC:C0YE8ACXX_8",TRUE,0.67,3.35,0.241391824666667,0.246383430771847,2080106086,0.0054380664652568,0.0303323262839879,0.374102777338785,3.37274049583474,0.57,"SA55071","DO2252","Breast-AdenoCa",TRUE,3.37274049583474,1.92350098559741,0.669,41,8366,307.11,5.49,12.54,0,FALSE,"5x",1.04,0.66,2.31,162,0.08,0,0.17,0.19,0.09,0.33,"207f8a42-5b05-4876-b0ae-ebfaeea27844",0.484789008832188,1284.22360695027,339.933884297521,99.7741046831956,11,3815.07645296585,0.999838623578529,"Breast",0.999690445164549,0.999836292696921,0.999911608527222,TRUE,"Breast-AdenoCA",0.955,239,0,5894,0,638,0,0,0,0,0,0,608,0,0,0,0,0,0,0,0,0,0,827,0,0,0,0,0,0,0,0,0,0,0,0,0,0,0,0,0,0,0,0,0,0,0,0,0,0,0,0,0,0,0,0,0,0,0,0,0,0,0,0,0,0,"","",166,179,13,5,14,6,1,11,33,66,49,18,34,50,2,1,8,1,9,3,TRUE
"239","SP5808","6e839eaf-1dbb-43f5-8846-c980e05540c7",0.65,"Breast","BRCA-US::eadf8482-e60e-4307-adb7-d5c3b9fa6cae","Whitelist","eadf8482-e60e-4307-adb7-d5c3b9fa6cae","DO2706","BRCA-US","2c619641-7849-4837-ab92-0da80342b3e9","SP5808","6e839eaf-1dbb-43f5-8846-c980e05540c7","SA68015","Primary tumour - solid tissue","WGS","3a492ecd-1f0b-5f85-b699-7ba6648007f5","PCAWG.89eaae39-e648-4e4e-b170-717609baa18e.bam","WGS/TCGA/BRCA-US/PCAWG.89eaae39-e648-4e4e-b170-717609baa18e.bam.header",100,100,"ID:WUGSC:2893175813,PL:ILLUMINA,CN:WUGSC,DT:2013-07-23T00:00:00Z,PI:0,LB:WGS:WUGSC:H_LS-A2-A25B-01A-11D-A167-09-lg1-lib2,PM:Illumina HiSeq 2000,SM:6e839eaf-1dbb-43f5-8846-c980e05540c7,PU:WUGSC:C26AMACXX_4",TRUE,0.59,3.7,1.017838695,0.268146354587034,1892275739,0.0032795156407669,0.0464177598385469,0.185328087006994,3.92760601573097,0.27,"SA68015","DO2706","Breast-AdenoCa",TRUE,3.92760601573097,3.4434915468302,0.65,39,12016,482.12,120.9,216.56,0.01,FALSE,"5x",20.75,14.22,27.36,159,1.64,1.28,2.09,2.85,2.31,3.38,"6e839eaf-1dbb-43f5-8846-c980e05540c7",0.442901234567901,2025.96805538179,164.751131221719,0,12,3651.55310897035,0.994000204992773,"Breast",0.990067533758748,0.998957907193023,0.999606913533778,TRUE,"Breast-AdenoCA",0.965,587,536,8321,0,1961,0,0,0,0,0,0,0,0,0,0,0,389,0,0,0,0,0,0,0,0,0,0,0,0,0,0,0,0,0,0,0,0,0,0,0,0,0,0,0,0,0,0,0,0,0,0,0,0,0,0,0,0,0,0,0,0,0,0,0,0,"","",121,11,4,4,11,0,2,9,4,0,41,2,33,5,0,2,5,0,7,0,TRUE
"248","SP59950","1dc9e7fd-fc62-4b32-9619-4e02a266a385",0.911,"Ovary","OV-US::f0c353fd-947c-41e2-b643-3ecc0d69796c","Whitelist","f0c353fd-947c-41e2-b643-3ecc0d69796c","DO28093","OV-US","4c4747d9-c0bc-486e-b88c-5c1b8214d4de","SP59950","1dc9e7fd-fc62-4b32-9619-4e02a266a385","SA518504","Primary tumour - solid tissue","WGS","a7f67dd1-0f4d-51c0-b688-fdc8966fe9cd","PCAWG.643a4e79-bf31-489f-8b95-e030a3afa378.bam","WGS/TCGA/OV-US/PCAWG.643a4e79-bf31-489f-8b95-e030a3afa378.bam.header",101,101,"ID:BCM:0,PL:ILLUMINA,CN:BCM,DT:2014-01-23T18:00:00Z,LB:WGS:BCM:IWG_TOVA.04-1347-01A-T_1pA,PM:Illumina HiSeq 2000,SM:1dc9e7fd-fc62-4b32-9619-4e02a266a385,PU:BCM:131220_D00222_0203_BC2TYRACXX_2",TRUE,0.91,4.3,0.519960068,0.29508618471829,1122948575,0.00534395138052077,0.0568973646984859,0.296894694202993,4.03294517355656,0.24,"SA518504","DO28093","Ovary-AdenoCa",TRUE,4.03294517355656,3.61842429974012,0.911,81,19386,983.66,88.52,139.81,0.01,FALSE,"7.5x",58.58,35.95,68.64,188,0.86,0.62,1.12,1.35,1.07,1.69,"1dc9e7fd-fc62-4b32-9619-4e02a266a385",0.397626112759644,5008.4742777692,0,130.226086956522,11,5617.43766414336,0.978953610412616,"Ovary",0.986025901200781,0.997573069618232,0.998702401493719,TRUE,"Ovary-AdenoCA",0.963,876,0,12096,0,4623,0,0,0,0,0,0,0,0,0,0,0,0,0,0,0,0,0,1472,0,0,0,0,0,0,0,0,0,0,0,0,0,0,0,0,0,0,0,0,0,0,0,0,0,0,0,0,0,0,0,0,0,0,0,0,0,0,0,0,0,0,"","",54,9,0,4,3,0,1,0,8,0,9,4,13,2,0,0,2,0,1,0,TRUE
"254","SP60842","ff3fe4a3-7d19-4d4d-81b6-aaa41ba5bf39",0.94,"Ovary","OV-US::c435627c-159d-4a6d-a819-30abac24bf4d","Whitelist","c435627c-159d-4a6d-a819-30abac24bf4d","DO28521","OV-US","ed9c97d8-4df2-4ed3-b455-4955d72901a8","SP60842","ff3fe4a3-7d19-4d4d-81b6-aaa41ba5bf39","SA519317","Primary tumour - solid tissue","WGS","48ca4c28-e3e2-556c-be1d-213467952c4d","PCAWG.9e8b3eac-0641-4e47-be61-0a57e1451f6d.bam","WGS/TCGA/OV-US/PCAWG.9e8b3eac-0641-4e47-be61-0a57e1451f6d.bam.header",101,101,"ID:BI:C2UNV_7,PL:ILLUMINA,CN:BI,DT:2013-10-29T04:00:00Z,PI:0,LB:WGS:BI:Solexa-192920,PM:Illumina HiSeq 2000,SM:ff3fe4a3-7d19-4d4d-81b6-aaa41ba5bf39,PU:BI:C2UNVACXX131029_7_TTGAGCCT",TRUE,0.94,3.6,0.355529651333333,0.160029898051125,2490622910,0.00621826095968494,0.0414550730645663,0.164620298884384,3.5446935269403,0.66,"SA519317","DO28521","Ovary-AdenoCa",TRUE,3.5446935269403,2.73604241399583,0.94,68,9756,526.06,7.05,18.91,0,FALSE,"7.5x",8,5.89,14.77,287,0.09,0,0.19,0.25,0.12,0.39,"ff3fe4a3-7d19-4d4d-81b6-aaa41ba5bf39",0.490605427974948,0,137.242477876106,29.5522123893805,7,3632.04758730322,0.980535117792902,"Ovary",0.969074265939945,0.998528360711692,0.999471201548558,TRUE,"Ovary-AdenoCA",0.961,479,537,6691,0,1375,0,0,0,0,0,0,0,0,0,0,0,500,0,0,0,0,0,0,0,0,0,0,0,0,0,0,0,0,0,0,0,0,0,0,0,0,0,0,0,0,0,0,0,0,0,0,0,0,0,0,0,0,0,0,0,0,0,0,0,0,"","",127,32,2,3,10,2,2,14,10,5,41,7,63,19,0,0,1,1,11,1,TRUE
"259","SP61713","5cc7c966-499e-49e3-b509-4eeb00ee03d4",0.9,"Ovary","OV-US::d3164236-c14a-4230-b527-ecd1a3992f02","Whitelist","d3164236-c14a-4230-b527-ecd1a3992f02","DO28962","OV-US","c36e2d42-0759-46f2-8032-b92e555400c9","SP61713","5cc7c966-499e-49e3-b509-4eeb00ee03d4","SA520039","Primary tumour - solid tissue","WGS","3502daac-f72d-59df-a310-bba681dda20c","PCAWG.37de47f3-99f1-47fe-8750-f9a5f6604243.bam","WGS/TCGA/OV-US/PCAWG.37de47f3-99f1-47fe-8750-f9a5f6604243.bam.header",101,101,"ID:BI:C2UNL_2,PL:ILLUMINA,CN:BI,DT:2013-10-28T04:00:00Z,PI:0,LB:WGS:BI:Solexa-193354,PM:Illumina HiSeq 2000,SM:5cc7c966-499e-49e3-b509-4eeb00ee03d4,PU:BI:C2UNLACXX131028_2_ATAGCGTC",TRUE,0.96,1.66,0.299478919333333,0.330391274546952,2481775332,0.00904214559386973,0.0514942528735632,0.410409217668859,3.30133906202759,0.69,"SA520039","DO28962","Ovary-AdenoCa",TRUE,3.30133906202759,1.89753613562807,0.9,57,6594,439.43,7.61,28.8,0,FALSE,"7.5x",1.37,0.77,2.37,289,0.08,0,0.14,0.28,0.16,0.42,"5cc7c966-499e-49e3-b509-4eeb00ee03d4",0.638235294117647,1717.81948140826,232.34693877551,0,23,1530.79476845867,0.999896508749311,"Ovary",0.999888934114138,0.999983353043773,0.999991311539312,TRUE,"Ovary-AdenoCA",0.964,394,0,4204,0,1382,0,0,0,0,0,0,0,0,0,0,0,0,0,0,0,0,0,508,0,0,0,0,0,0,0,0,0,0,0,0,0,0,0,0,0,0,0,0,0,0,0,0,0,0,0,0,0,0,0,0,0,0,0,0,0,0,0,0,0,0,"","",294,8,14,3,23,2,0,0,11,0,22,4,0,0,8,1,16,1,0,0,FALSE
"261","SP6223","eddfbfb9-3ae8-449b-b870-46062a2571c1",0.609,"Breast","BRCA-US::786e8dbe-442e-4551-87b3-b4c333b04dd4","Whitelist","786e8dbe-442e-4551-87b3-b4c333b04dd4","DO2897","BRCA-US","8ef7ad6f-a6e4-405c-b20e-d547985bd9d6","SP6223","eddfbfb9-3ae8-449b-b870-46062a2571c1","SA74453","Primary tumour - solid tissue","WGS","f95063e2-30a4-5319-bef2-2d01343c8a68","PCAWG.bd267985-8d5e-41d0-b511-354642d1a6c0.bam","WGS/TCGA/BRCA-US/PCAWG.bd267985-8d5e-41d0-b511-354642d1a6c0.bam.header",100,100,"ID:WUGSC:2873426045,PL:ILLUMINA,CN:WUGSC,DT:2011-03-25T00:00:00Z,PI:176,LB:WGS:WUGSC:H_LS-BH-A0WA-01A-11D-A128-09-lib1,PM:Illumina HiSeq 2000,SM:eddfbfb9-3ae8-449b-b870-46062a2571c1,PU:WUGSC:81MTEABXX_5",TRUE,0.6,2.98,0.743109845666667,0.252999525609452,2334591899,0.00334208641680592,0.0177846741465744,0.465178880614386,2.97211942299092,0.42,"SA74453","DO2897","Breast-AdenoCa",TRUE,2.97211942299092,2.12084126969086,0.609,82,8461,508.9,3.33,3.37,0,FALSE,"5x",3.74,2.76,4.43,146,0.08,0,0.15,0.08,0,0.19,"eddfbfb9-3ae8-449b-b870-46062a2571c1",0.469798657718121,1271.5637315452,145.972602739726,29.3972602739726,24,2951.22228104229,0.999603277261972,"Breast",0.999080031274647,0.999588689382726,0.999821333159602,TRUE,"Breast-AdenoCA",0.961,451,360,5774,0,1291,0,0,0,0,0,0,0,0,0,0,0,475,0,0,0,0,0,0,0,0,0,0,0,0,0,0,0,0,0,0,0,0,0,0,0,0,0,0,0,0,0,0,0,0,0,0,0,0,0,0,0,0,0,0,0,0,0,0,0,0,"","",87,52,2,6,2,0,3,5,18,23,30,8,8,9,0,0,1,0,1,0,TRUE
"263","SP62616","1292e13b-d7c6-447b-a227-9a8113215580",0.95,"Ovary","OV-US::9fb1ba57-2007-4477-b000-2d36f163efd2","Whitelist","9fb1ba57-2007-4477-b000-2d36f163efd2","DO29398","OV-US","5adca90e-f8ae-4a74-9c7f-a2b64fda2b31","SP62616","1292e13b-d7c6-447b-a227-9a8113215580","SA520096","Primary tumour - solid tissue","WGS","bf1765e2-c338-5368-a7fd-f42c9370321a","PCAWG.5d08b82d-e5fb-42f4-be3d-09b9600c9b5e.bam","WGS/TCGA/OV-US/PCAWG.5d08b82d-e5fb-42f4-be3d-09b9600c9b5e.bam.header",101,101,"ID:BCM:0,PL:ILLUMINA,CN:BCM,DT:2014-01-23T18:00:00Z,LB:WGS:BCM:IWG_TOVA.23-1110-01A-T_1pA,PM:Illumina HiSeq 2000,SM:1292e13b-d7c6-447b-a227-9a8113215580,PU:BCM:131205_SN896_0449_AC2RMLACXX_2",TRUE,0.97,3.1,0.586083104,0.203627228739717,2118255897,0.00834832673623606,0.0465635120546959,0.282761450300139,3.04296658165744,0.45,"SA520096","DO29398","Ovary-AdenoCa",TRUE,3.04296658165744,2.67981730545451,0.95,42,14132,616.26,15.06,49.15,0,FALSE,"7.5x",6.59,4.76,14.23,245,0.12,0.05,0.19,0.39,0.27,0.52,"1292e13b-d7c6-447b-a227-9a8113215580",0.65668202764977,2695.4304931148,0,239.168576104746,12,5547.44408651634,0.999797591407761,"Ovary",0.999661961081266,0.999825666851673,0.999980391500997,TRUE,"Ovary-AdenoCA",0.965,662,0,6903,0,196,0,0,0,0,0,0,0,0,0,0,0,0,0,0,0,0,0,0,0,0,0,0,0,0,0,0,0,0,0,0,0,0,0,0,0,0,0,0,0,6092,0,0,0,0,0,0,0,0,0,0,0,0,0,0,0,0,0,0,0,0,"","",273,60,1,5,44,9,3,5,37,10,123,31,41,12,8,4,25,2,16,2,TRUE
"269","SP64036","fea5827b-251d-474b-8713-fc76db995fe7",0.775,"Ovary","OV-US::2b14123b-8fcd-402c-9399-4e7c47f20252","Whitelist","2b14123b-8fcd-402c-9399-4e7c47f20252","DO30090","OV-US","bbfed693-79e1-4dc7-896e-15b98fc7dbac","SP64036","fea5827b-251d-474b-8713-fc76db995fe7","SA518389","Primary tumour - solid tissue","WGS","fe42fe1b-e0c1-582f-8ef8-98e63a39a191","PCAWG.65fe4ba3-3041-4b2d-b51a-da0bd3c4e496.bam","WGS/TCGA/OV-US/PCAWG.65fe4ba3-3041-4b2d-b51a-da0bd3c4e496.bam.header",101,101,"ID:BCM:0,PL:ILLUMINA,CN:BCM,DT:2014-01-23T17:00:00Z,LB:WGS:BCM:IWG_TOVA.24-2290-01A-T_1pA,PM:Illumina HiSeq 2000,SM:fea5827b-251d-474b-8713-fc76db995fe7,PU:BCM:131214_SN7001324_0253_BC2PLDACXX_2",TRUE,0.88,1.8,0.329851068333333,0.265043328733325,2264651084,0.00501630298470028,0.0324805618259343,0.391285792665375,3.53843746425806,0.59,"SA518389","DO30090","Ovary-AdenoCa",TRUE,3.53843746425806,1.75279425755692,0.775,56,8024,408.23,12.9,32.27,0,FALSE,"7.5x",0.39,0.26,1.14,240,0.12,0.03,0.2,0.29,0.18,0.42,"fea5827b-251d-474b-8713-fc76db995fe7",0.617460317460317,907.485079719586,187.5,79,16,2789.65791922576,0.999975354036085,"Ovary",0.999950407322176,0.999974535225021,0.999986462579143,TRUE,"Ovary-AdenoCA",0.977,407,118,3411,0,328,0,0,0,0,0,0,0,0,0,0,0,264,0,0,0,0,0,0,0,0,0,0,0,0,0,0,0,0,0,0,0,0,0,0,0,0,0,0,0,3343,0,0,0,0,0,0,0,0,0,0,0,0,0,0,0,0,0,0,0,0,"","",284,23,12,3,29,1,0,0,11,9,7,1,0,0,10,1,20,0,2,0,FALSE
"270","SP6429","71fda5a9-7049-406f-9348-2c24f7ddf5f4",0.669,"Breast","BRCA-US::324bcba2-f6a4-45a6-807c-215bdffcca21","Whitelist","324bcba2-f6a4-45a6-807c-215bdffcca21","DO2995","BRCA-US","7fd5702e-2d7b-4b79-b2d8-5ca4ca33cf65","SP6429","71fda5a9-7049-406f-9348-2c24f7ddf5f4","SA77461","Primary tumour - solid tissue","WGS","45f440f9-8381-5136-b8f1-6616947d038c","PCAWG.fa7f0b9f-2d7f-476e-a876-30474d87e46a.bam","WGS/TCGA/BRCA-US/PCAWG.fa7f0b9f-2d7f-476e-a876-30474d87e46a.bam.header",100,100,"ID:WUGSC:2871945894,PL:ILLUMINA,CN:WUGSC,DT:2011-03-12T00:00:00Z,PI:335,LB:WGS:WUGSC:H_LS-A2-A0D0-01A-11D-A128-09-lib4,PM:Illumina HiSeq 2000,SM:71fda5a9-7049-406f-9348-2c24f7ddf5f4,PU:WUGSC:81LJ6ABXX_6",TRUE,0.69,2.86,0.495469519666667,0.239679424489334,2055316552,0.00644942294636796,0.0333785924417289,0.503185848525599,2.79407824424792,0.45,"SA77461","DO2995","Breast-AdenoCa",TRUE,2.79407824424792,2.089353814459,0.669,60,8914,474.18,21.6,43.99,0.01,FALSE,"5x",5.43,3.71,9.09,208,0.41,0.22,0.62,0.82,0.55,1.1,"71fda5a9-7049-406f-9348-2c24f7ddf5f4",0.502262443438914,3044.47384615385,40.2816901408451,91.6408450704225,14,1986.76229370629,0.999695553822859,"Breast",0.999251895679746,0.99968749532697,0.999839964466072,TRUE,"Breast-AdenoCA",0.973,425,173,5436,0,1532,0,0,0,0,0,0,0,0,0,0,0,389,0,0,0,0,0,0,0,0,0,0,0,0,0,0,0,0,0,0,0,0,0,0,0,0,830,0,0,0,0,0,0,0,0,0,0,0,0,0,0,0,0,0,0,0,0,0,0,0,"","",102,31,1,8,17,2,2,0,30,12,27,9,14,3,4,0,8,0,7,3,TRUE
"275","SP65376","bff518fb-6da7-4dfc-ae4c-bd3f641028e2",0.82,"Ovary","OV-US::7dcc809b-e33a-4453-b92a-c00786f48cb0","Whitelist","7dcc809b-e33a-4453-b92a-c00786f48cb0","DO30750","OV-US","fa79b363-380e-48ae-bb82-db395085353c","SP65376","bff518fb-6da7-4dfc-ae4c-bd3f641028e2","SA518483","Primary tumour - solid tissue","WGS","383cd59c-ca59-53ed-913f-1ec1f6e4de42","PCAWG.1b629b59-17c5-4ef3-8fa8-a082bde80a78.bam","WGS/TCGA/OV-US/PCAWG.1b629b59-17c5-4ef3-8fa8-a082bde80a78.bam.header",101,101,"ID:BI:C2UNL_5,PL:ILLUMINA,CN:BI,DT:2013-10-28T04:00:00Z,PI:0,LB:WGS:BI:Solexa-193357,PM:Illumina HiSeq 2000,SM:bff518fb-6da7-4dfc-ae4c-bd3f641028e2,PU:BI:C2UNLACXX131028_5_TGTTCCGA",TRUE,0.88,3.3,0.828356809666667,0.331763099311452,2191563685,0.013066082911479,0.0739499247503078,0.268609242553663,3.30849973764487,0.35,"SA518483","DO30750","Ovary-AdenoCa",TRUE,3.30849973764487,2.9086390731026,0.82,49,14706,584.7,91.9,197.78,0,FALSE,"7.5x",8.34,5.8,14.54,220,0.89,0.66,1.13,1.87,1.54,2.21,"bff518fb-6da7-4dfc-ae4c-bd3f641028e2",0.642622950819672,3671.2560619439,447.336343115124,90.5680963130173,8,4170.17931128167,0.99999235634372,"Ovary",0.999982985870852,0.999991847587679,0.999995471603464,TRUE,"Ovary-AdenoCA",0.986,636,332,7124,0,3058,0,0,0,0,0,2598,0,0,0,0,0,641,0,0,0,0,0,0,0,0,0,0,0,0,0,0,0,0,0,0,0,0,0,0,0,0,0,0,0,0,0,0,0,0,0,0,0,0,0,0,0,0,0,0,0,0,0,0,0,0,"","",343,67,4,8,17,2,3,2,39,11,81,9,82,24,1,0,13,1,17,2,TRUE
"291","SP69077","9a5bb831-8cb8-4de0-b94b-088cb38def1a",0.755,"Ovary","OV-US::8a6d2ce3-cc57-451b-9b07-8263782aa23f","Whitelist","8a6d2ce3-cc57-451b-9b07-8263782aa23f","DO32596","OV-US","d8246fda-3072-4470-8a7c-de05bac409c2","SP69077","9a5bb831-8cb8-4de0-b94b-088cb38def1a","SA520110","Primary tumour - solid tissue","WGS","c8680420-d830-50c3-9329-819af6cceb6b","PCAWG.60ce5677-523a-49a1-bc0a-7bf1392e5dc7.bam","WGS/TCGA/OV-US/PCAWG.60ce5677-523a-49a1-bc0a-7bf1392e5dc7.bam.header",101,101,"ID:BI:C2UNV_1,PL:ILLUMINA,CN:BI,DT:2013-10-29T04:00:00Z,PI:0,LB:WGS:BI:Solexa-192915,PM:Illumina HiSeq 2000,SM:9a5bb831-8cb8-4de0-b94b-088cb38def1a,PU:BI:C2UNVACXX131029_1_GTATAACA",TRUE,0.77,3.35,0.483221156,0.264435385223258,1678962769,0.00511493190361743,0.04424724225057,0.313916926336303,3.2564701710986,0.36,"SA520110","DO32596","Ovary-AdenoCa",TRUE,3.2564701710986,2.54921132757511,0.755,62,16429,710.76,28.01,57.31,0,FALSE,"7.5x",14.22,10.33,30.02,225,0.25,0.14,0.35,0.52,0.37,0.68,"9a5bb831-8cb8-4de0-b94b-088cb38def1a",0.634776006074412,4475.59643096005,475.150141643059,73.7903682719547,11,4519.04882349365,0.99999339794746,"Ovary",0.999986970075366,0.999992967689392,0.999995930557595,TRUE,"Ovary-AdenoCA",0.975,679,452,12380,0,1857,0,0,0,0,0,0,0,0,0,0,0,781,0,0,0,0,0,0,0,0,0,0,0,0,0,0,0,0,0,0,0,0,0,0,0,0,0,0,0,0,0,0,0,0,0,0,0,0,0,0,0,0,0,0,0,0,0,0,0,0,"","",325,45,3,10,29,9,-1,7,64,2,149,24,34,15,3,3,22,1,7,5,TRUE
"301","SP8157","7456abd5-303e-4e6f-bf4e-47efefc7310f",0.249,"Breast","BRCA-US::d6f7afc0-1558-43ad-acb1-2b5311ed2264","Whitelist","d6f7afc0-1558-43ad-acb1-2b5311ed2264","DO3840","BRCA-US","66760e17-251d-4981-bb02-82c29b315080","SP8157","7456abd5-303e-4e6f-bf4e-47efefc7310f","SA23417","Primary tumour - solid tissue","WGS","9320a69f-296d-5967-a816-3f53d986f59a","PCAWG.a67f66e5-5e6f-4ca0-9464-6ddc103e8bc6.bam","WGS/TCGA/BRCA-US/PCAWG.a67f66e5-5e6f-4ca0-9464-6ddc103e8bc6.bam.header",100,100,"ID:WUGSC:2893192601,PL:ILLUMINA,CN:WUGSC,DT:2013-07-26T00:00:00Z,PI:0,LB:WGS:WUGSC:H_LS-GM-A2DF-01A-11D-A17W-09-lg1-lib1b,PM:Illumina HiSeq 2000,SM:7456abd5-303e-4e6f-bf4e-47efefc7310f,PU:WUGSC:C267NACXX_4",TRUE,0.23,3.55,0,NA,1262307543,0.0230728893550079,0.0605663345568956,0.424236141979221,2.29520777903828,0.4,"SA23417","DO3840","Breast-AdenoCa",TRUE,2.29520777903828,1.93739406552383,0.249,53,3875,454.79,0,0,0.02,TRUE,NA,NA,NA,NA,NA,NA,NA,NA,NA,NA,NA,"7456abd5-303e-4e6f-bf4e-47efefc7310f",0.393333333333333,799.555641421947,26.2591362126246,74.2325581395349,20,491.112828438949,0.995213892587033,"Breast",0.981504176313284,0.994902331256046,0.998691293805898,TRUE,"Breast-AdenoCA",0.975,417,161,1784,0,1069,0,0,0,0,0,0,0,0,0,0,0,416,0,0,0,0,0,0,0,0,0,0,0,0,0,0,0,0,0,0,0,0,0,0,0,0,0,0,0,0,0,0,0,0,0,0,0,0,0,0,0,0,0,0,0,0,0,0,0,0,"","",18,9,1,6,2,2,7,0,5,2,3,1,8,3,2,0,0,0,1,1,FALSE
"306","SP8660","7b08e810-f3c9-4155-ac11-f45a3a4f8b41",0.714,"Breast","BRCA-US::9d95a65b-e41d-4f93-92d4-99dce29ff40d","Whitelist","9d95a65b-e41d-4f93-92d4-99dce29ff40d","DO4080","BRCA-US","9dc315ce-3b76-4754-b103-2c2580cde4ab","SP8660","7b08e810-f3c9-4155-ac11-f45a3a4f8b41","SA30223","Primary tumour - solid tissue","WGS","cce48ef2-fad1-5c4c-adf6-214eaa92b271","PCAWG.3b85b93f-b9f3-46da-8faa-63bae9903889.bam","WGS/TCGA/BRCA-US/PCAWG.3b85b93f-b9f3-46da-8faa-63bae9903889.bam.header",100,100,"ID:WUGSC:2874404145,PL:ILLUMINA,CN:WUGSC,DT:2011-04-14T00:00:00Z,PI:325,LB:WGS:WUGSC:H_LS-A7-A0CE-01A-11D-A12L-09-lib4,PM:Illumina HiSeq 2000,SM:7b08e810-f3c9-4155-ac11-f45a3a4f8b41,PU:WUGSC:81PA7ABXX_5",TRUE,0.72,2.86,0.369667049,0.227152295603893,1927861697,0.00364713927513107,0.0304308183268749,0.344809305427359,2.75121804223058,0.43,"SA30223","DO4080","Breast-AdenoCa",TRUE,2.75121804223058,2.18404058841493,0.714,57,8866,466.78,5.82,5.82,0,FALSE,"5x",4.9,3.47,7.56,161,0.11,0,0.22,0.11,0,0.22,"7b08e810-f3c9-4155-ac11-f45a3a4f8b41",0.675714285714286,2403.58440532611,0,91.6408450704225,15,2389.0778605281,0.999769275022805,"Breast",0.999560315261403,0.999766443532282,0.999889809115749,TRUE,"Breast-AdenoCA",0.975,386,259,5888,0,1623,0,0,0,0,0,0,0,0,0,0,0,534,0,0,0,0,0,0,0,0,0,0,0,0,0,0,0,0,0,0,0,0,0,0,0,0,0,0,0,0,0,0,0,0,0,0,0,0,0,0,0,0,0,0,0,0,0,0,0,0,"","",87,29,1,8,5,1,-1,14,10,6,42,16,7,5,1,0,2,1,2,1,TRUE
"308","SP8831","ea43434b-197e-48ac-ae2e-46bc7f3776de",0.76,"Breast","BRCA-US::d3d545b3-457f-4389-821f-704cb24aff7f","Whitelist","d3d545b3-457f-4389-821f-704cb24aff7f","DO4155","BRCA-US","87676c70-e2ad-4103-8bc0-3d3c1e40a790","SP8831","ea43434b-197e-48ac-ae2e-46bc7f3776de","SA32713","Primary tumour - solid tissue","WGS","09259b08-6820-5f4e-ae08-43836f8f5456","PCAWG.d5115b50-b8bd-4ac4-9c94-4e344963f9b1.bam","WGS/TCGA/BRCA-US/PCAWG.d5115b50-b8bd-4ac4-9c94-4e344963f9b1.bam.header",100,100,"ID:WUGSC:2893677655,PL:ILLUMINA,CN:WUGSC,DT:2013-10-17T00:00:00Z,PI:0,LB:WGS:WUGSC:H_LS-AR-A256-01A-11D-A167-09-lg3-lib1,PM:Illumina HiSeq 2000,SM:ea43434b-197e-48ac-ae2e-46bc7f3776de,PU:WUGSC:C2LHBACXX_1",TRUE,0.78,2.68,0.438024118,0.274030402550773,2013725401,0.00807914262159934,0.0436383621874141,0.465741164671623,2.94086403918201,0.48,"SA32713","DO4155","Breast-AdenoCa",TRUE,2.94086403918201,2.00341444192312,0.76,45,18405,597.76,27.51,55.22,0,FALSE,"5x",2.64,2.1,3.84,274,0.28,0.16,0.4,0.56,0.39,0.75,"ea43434b-197e-48ac-ae2e-46bc7f3776de",0.67540202501489,5428.26266467472,0,351,8,4479.39155235638,0.99987746354887,"Breast",0.999784116015506,0.999898960495716,0.999993290331408,TRUE,"Breast-AdenoCA",0.98,470,934,11494,0,1688,0,0,0,0,0,0,1839,0,0,0,0,1684,0,0,0,0,0,0,0,0,0,0,0,0,0,0,0,0,0,0,0,0,0,0,0,0,0,0,0,0,0,0,0,0,0,0,0,0,0,0,0,0,0,0,0,0,0,0,0,0,"","",203,124,5,7,10,10,1,2,45,35,33,11,22,20,2,4,11,6,5,3,TRUE
"309","SP8891","6c8e9197-fd16-4fed-bfda-e349cab26314",0.535,"Breast","BRCA-US::7861a5f2-8910-4bcb-9c34-f79c5acd6e21","Whitelist","7861a5f2-8910-4bcb-9c34-f79c5acd6e21","DO4185","BRCA-US","d3263082-946d-4420-8a63-8d67eeee09c5","SP8891","6c8e9197-fd16-4fed-bfda-e349cab26314","SA33508","Primary tumour - solid tissue","WGS","97a2c843-536a-51ff-9b60-af6242324e78","PCAWG.8244953d-ebe8-4a88-a547-00185b4cb18a.bam","WGS/TCGA/BRCA-US/PCAWG.8244953d-ebe8-4a88-a547-00185b4cb18a.bam.header",100,100,"ID:WUGSC:2882084155,PL:ILLUMINA,CN:WUGSC,DT:2011-12-14T00:00:00Z,PI:216,LB:WGS:WUGSC:H_LS-A8-A075-01A-11D-A19H-09-lib1,PM:Illumina HiSeq 2000,SM:6c8e9197-fd16-4fed-bfda-e349cab26314,PU:WUGSC:D0F2CACXX_3",TRUE,0.52,3.35,0.189793283333333,0.308196356508149,2329949731,0.00427820559833761,0.0267693436010268,0.34159064216338,3.31216501752624,0.67,"SA33508","DO4185","Breast-AdenoCa",TRUE,3.31216501752624,2.07356684354115,0.535,42,8247,427.47,7.77,7.86,NA,TRUE,NA,NA,NA,NA,NA,NA,NA,NA,NA,NA,NA,"6c8e9197-fd16-4fed-bfda-e349cab26314",0.587387387387387,1035.82119647738,0,70,19,2262.47792286669,0.998634635978539,"Breast",0.997244811002866,0.998610532889303,0.999433700840601,TRUE,"Breast-AdenoCA",0.982,266,1183,0,0,3368,0,0,0,0,0,2276,0,0,0,0,0,973,0,0,0,0,0,0,0,0,0,0,0,0,0,0,0,0,0,0,0,0,0,0,0,0,0,0,0,0,0,0,0,0,0,0,0,0,0,0,0,0,0,0,0,0,0,0,0,0,"","",52,49,5,6,16,5,9,8,8,12,16,3,23,28,0,0,4,0,14,5,TRUE
"317","SP96511","d8fbb398-d1da-4444-984a-22c8523625da",0.48,"Breast","BRCA-US::174850b4-5ec2-462b-a890-89bd1716b3c2","Whitelist","174850b4-5ec2-462b-a890-89bd1716b3c2","DO44273","BRCA-US","caa2d510-9024-4d7d-b0ef-80fa4be1e2ee","SP96511","d8fbb398-d1da-4444-984a-22c8523625da","SA492388","Primary tumour - solid tissue","WGS","ad5e297f-8cce-53e2-80d0-14201e2b31c5","PCAWG.6f5ac8e1-96f0-4baf-b7ab-77802f444485.bam","WGS/TCGA/BRCA-US/PCAWG.6f5ac8e1-96f0-4baf-b7ab-77802f444485.bam.header",100,100,"ID:WUGSC:2893176060,PL:ILLUMINA,CN:WUGSC,DT:2013-07-23T00:00:00Z,PI:0,LB:WGS:WUGSC:H_LS-A2-A3Y0-01A-11D-A23C-09-lg1-lib1b,PM:Illumina HiSeq 2000,SM:d8fbb398-d1da-4444-984a-22c8523625da,PU:WUGSC:D27KCACXX_3",TRUE,0.48,3.1,1.21751924266667,0.294917630564316,2275505303,0.0110081890186602,0.0396026312256679,0.319429367538967,2.70637759671579,0.22,"SA492388","DO44273","Breast-AdenoCa",TRUE,2.70637759671579,2.16361779899562,0.48,57,15058,599.77,50.37,78.03,0,FALSE,"5x",2.39,1.79,4.58,152,0.76,0.52,0.98,1.16,0.89,1.45,"d8fbb398-d1da-4444-984a-22c8523625da",0.616555661274976,4093.76239532102,0,392.149944873208,12,4051.22849926891,0.999754900276504,"Breast",0.999554299143072,0.999752936384265,0.999857739901879,TRUE,"Breast-AdenoCA",0.983,549,644,9848,0,2232,0,0,0,0,0,0,0,0,0,0,0,1488,0,0,0,0,0,0,0,0,0,0,0,0,0,0,0,0,0,0,0,0,0,0,0,0,0,0,0,0,0,0,0,0,0,0,0,0,0,0,0,0,0,0,0,0,0,0,0,0,"","",146,159,5,3,3,10,5,4,14,30,39,36,17,30,2,0,5,3,6,7,TRUE
