ID,HRDTime,HRDTime_ci,WGDTime,WGDTime_ci,WGDTime_CpG,WGDTime_CpG_err,pi2SBS1,pi2SBS1_ci,pi2SBS3,pi2SBS3_ci,pi1SBS1,pi1SBS1_ci,pi1SBS3,pi1SBS3_ci,c,c21,Nt_SBS1,Nt_SBS3,N_mut(C>TpG),N_mut_all
f393bafe-7503-5c45-e040-11ac0d484511,0.17778215057355012,0.11424127452251198,0.14137784672801512,0.7013899036337596,0.04511030918683423,0.0339953224791153,0.6516421778904905,"[0.4879302513567052, 0.36550403418747285, 0.48704491004339145]","[0.022818648585697394, 0.031880119333935336, 0.022089735520447455]","[0.40733947920706415, 0.2447340594318674, 0.4241824783205729]","[0.029412624642907222, 0.025445125209728695, 0.02624951287395729]","[0.5120697486432956, 0.6344959658125265, 0.5129550899566094]","[0.02281864858569749, 0.031880119333935426, 0.022089735520447035]","[0.5926605207929357, 0.7552659405681327, 0.5758175216794267]","[0.029412624642907313, 0.02544512520972856, 0.026249512873956573]","[0.08135924801780504, 0, 0.0715182615470823]",0.07330980968879248,"[31.92310901230677, 59.78251089141574, 121.29545233248511]","[341.86665098811557, 861.6774176996577, 1522.215438554581]","[9200, 19400, 35800]","[858, 2223, 3855]"
f393bb0c-4178-ca4a-e040-11ac0d48455f,0.7535092072731671,0.1775184782839423,0.42467582189637976,0.9426086111606449,0.039116486755605195,0.021626772679175343,0.9219187664044932,"[0.8307577100283933, 0.5865204372574726, 0.8690623490373889]","[0.03503554927366742, 0.08394414566599194, 0.013518175822000008]","[nan, nan, nan]","[nan, nan, nan]","[0.16924228997160712, 0.4134795627425274, 0.1309376509626114]","[0.035035549273667484, 0.08394414566599184, 0.013518175822000137]","[nan, nan, nan]","[nan, nan, nan]","[nan, 0, nan]",nan,"[46.372448707280356, 13.288098199366694, 53.161994169052015]","[74.22871875276071, 41.33162682220612, 100.60214043915643]","[13400, 3800, 13400]","[608, 244, 828]"
f221cbb5-eefa-187f-e040-11ac0c481708,0.5628585731313256,0.10442233931602918,0.09052503237507037,0.6757157145044728,0.09341088099407457,0.045231691872279156,0.5725749467381114,"[0.5189284621820988, 0.2803668244930492, 0.5508111747000459]","[0.07346705290658337, 0.02254499762630162, 0.07703597118137888]","[0.15306980360984235, 0.11353654358520149, 0.15416944773424524]","[0.03251725786610657, 0.02365706885916961, 0.03145262588588193]","[0.4810715378179019, 0.719633175506951, 0.44918882529995474]","[0.07346705290658342, 0.022544997626302264, 0.07703597118137918]","[0.8469301963901574, 0.886463456414798, 0.8458305522657552]","[0.03251725786610652, 0.023657068859169718, 0.03145262588588228]","[0.045786226807847115, 0, 0.040877450708227105]",0.04242630854935063,"[34.024577986812666, 96.5284057155321, 69.13860671709506]","[428.875947596131, 1080.8594588823041, 913.6336404688018]","[10800, 27600, 22400]","[1081, 2785, 2345]"
f393bb08-4121-cad8-e040-11ac0d484535,0.1662485588678755,0.11926588332445856,0.13404341214891705,0.7541877706238955,0.02193028542870934,0.021083614905359815,0.7545177973344027,"[0.6661016801098395, 0.23741330676856826, 0.6143253675659524]","[0.0185923597151008, 0.02972849471586938, 0.0181841383539335]","[0.5597113905373924, 0.35898970699141985, 0.5563863211084643]","[0.030220735106330037, 0.08933402721733939, 0.027132667161632852]","[0.3338983198901613, 0.7625866932314321, 0.38567463243404815]","[0.018592359715100818, 0.0297284947158694, 0.01818413835393321]","[0.4402886094626075, 0.64101029300858, 0.44361367889153563]","[0.03022073510632983, 0.08933402721733943, 0.027132667161632668]","[0.0657264135998791, 0, 0.07002299043699205]",0.0691886477218269,"[48.98499029155011, 19.639297041886447, 191.78495943556473]","[568.9380269428664, 210.82826397932303, 2395.8664510476265]","[14800, 5400, 54800]","[1303, 526, 5407]"
f393bb07-270c-2c93-e040-11ac0d484533,0.16620062792833043,0.21888894423259983,0.2161473756336594,0.799823449414279,0.11865379502036866,0.053525634905812414,0.75066091512399,"[0.6140645973150468, 0.42952553861451004, 0.6397729945636051]","[0.03926277543774538, 0.1272157717431177, 0.0411344880385431]","[0.5752975067039313, 0.3185601392937958, 0.5798877991755302]","[0.03626042278569134, 0.03920447711365865, 0.03481512376523125]","[0.3859354026849535, 0.5704744613854906, 0.3602270054363953]","[0.039262775437745305, 0.12721577174311782, 0.041134488038543464]","[0.42470249329606863, 0.6814398607062043, 0.4201122008244695]","[0.03626042278569144, 0.039204477113658424, 0.03481512376523135]","[0.05931770430788429, 0, 0.047986622040549515]",0.051878766872755264,"[42.160104529812976, 26.284196028235527, 68.93856256651772]","[653.8300354981658, 473.30768008432574, 1247.0170512799655]","[13400, 9400, 22000]","[1544, 1153, 2951]"
fc8130e0-a38a-23b9-e040-11ac0c48327f,0.1571068858510746,0.03915501345903108,0.045853806337662326,0.2220140952178555,0.03440512949243349,0.04486413983804616,0.23186259221769434,"[0.1348926083646171, 0.08019531406038012, 0.10002299337925705]","[0.012025473974678956, 0.009973754012052628, 0.011918759025212385]","[0.025862620483895978, 0.02544019756162103, 0.04059262187513246]","[0.010811406301730659, 0.009840577509874215, 0.017813152286502994]","[0.8651073916353831, 0.9198046859396201, 0.8999770066207432]","[0.012025473974678893, 0.009973754012052659, 0.011918759025212208]","[0.9741373795161041, 0.9745598024383787, 0.9594073781248678]","[0.01081140630173059, 0.009840577509874038, 0.01781315228650288]","[0.07321489699655713, 0, 0.06839580602513384]",0.07054064677446466,"[40.17940652068516, 112.65014227424349, 43.61371245139097]","[491.74635841867786, 1347.5980587613144, 604.1469318832845]","[11200, 30200, 11000]","[1025, 2761, 1278]"
fc806c50-2f6e-418d-e040-11ac0d485f01,0.4367946120448732,0.07907532161585001,0.11828716773476072,0.7075896933277204,0.026205946344168507,0.018538520877150466,0.6526908489030542,"[0.5305879995258651, 0.30655158826520906, 0.564592727176495]","[0.018081383154995787, 0.01413700660801164, 0.01709330852277096]","[0.3079398163580672, 0.17041225276590005, 0.32345030150549703]","[0.04279381274395086, 0.029838252849170948, 0.042991570370608544]","[0.4694120004741355, 0.6934484117347915, 0.43540727282350533]","[0.018081383154995665, 0.014137006608011737, 0.017093308522771095]","[0.6920601836419329, 0.8295877472340999, 0.6765496984945029]","[0.042793812743951276, 0.029838252849171194, 0.04299157037060874]","[0.13660231988755836, 0, 0.11872524668255341]",0.13065294104173605,"[106.62175350424724, 73.72822477074993, 48.34260488187267]","[542.565006014382, 358.311247251858, 268.6541060648159]","[28000, 19000, 12600]","[2061, 1023, 1028]"
fc8130df-6860-7677-e040-11ac0d485ddc,0.14390366358392048,0.11182169651294532,0.13773344001113585,0.670354385776569,0.020916629566658074,0.02472389847376033,0.6723001164902825,"[0.466440570945515, 0.22259473659446172, 0.5138471448517774]","[0.016009655069328017, 0.06397335974987664, 0.01612645039657453]","[0.46395209338117466, 0.4799754941143445, 0.4478596520551858]","[0.03400779430123745, 0.22204767216329413, 0.032749295538989476]","[0.5335594290544856, 0.7774052634055383, 0.48615285514822276]","[0.016009655069327916, 0.06397335974987665, 0.01612645039657485]","[0.5360479066188253, 0.5200245058856556, 0.5521403479448145]","[0.03400779430123737, 0.22204767216329416, 0.03274929553898993]","[0.14014683806155057, 0, 0.10520566326817667]",0.10685283337865567,"[13.926824355353155, 10.641581457828265, 241.93114826664961]","[99.80601814814389, 50.6226401609673, 2041.872803078064]","[3400, 2200, 61000]","[249, 165, 5033]"
fc8130e0-0f1a-b6eb-e040-11ac0c48328f,0.3336755804309559,0.10080998574780886,0.09298862552065568,0.49644495202375966,0.04989554357983822,0.04535092612892844,0.3871459709905834,"[0.2884798310602172, 0.21214103938091342, 0.35137040350556203]","[0.029156264231684537, 0.021292980725903195, 0.02718598861450199]","[0.12223672335449037, 0.1112491890771236, 0.13779198680723284]","[0.029364838750142522, 0.09171102090903803, 0.032261918764291714]","[0.7115201689397834, 0.7878589606190869, 0.6486295964944382]","[0.02915626423168462, 0.021292980725903944, 0.02718598861450198]","[0.8777632766455093, 0.8887508109228763, 0.8622080131927672]","[0.029364838750142397, 0.09171102090903799, 0.032261918764291554]","[0.06349871708634992, 0, 0.08891117398849786]",0.07246009020282608,"[34.465842933836896, 45.832417692003034, 26.766275124692505]","[447.9730134187159, 434.08274765670666, 230.80926601604827]","[11600, 14400, 7800]","[1252, 1448, 682]"
fc8130df-8ec8-5b1e-e040-11ac0d485e06,0.42478334888878794,0.5400508277525373,0.259829032336547,0.867361336508142,0.1194802095387697,0.06719187632655987,0.9078474565586133,"[0.7271196625417669, 0.7121674062725751, 0.7294280168428375]","[0.06307181073845368, 0.2800069516615669, 0.06052910354166229]","[0.5634283024204955, 0.27674797282241165, 0.5760528067260787]","[0.047555914472966684, 0.08037888493860734, 0.045228756140364965]","[0.272880337458232, 0.2878325937274252, 0.27057198315716263]","[0.06307181073845698, 0.28000695166156736, 0.06052910354166209]","[0.43657169757950415, 0.7232520271775882, 0.42394719327392083]","[0.04755591447296635, 0.08037888493860723, 0.04522875614036519]","[0.030016332513162113, 0, 0.036754307085537924]",0.03173985006656215,"[93.9274916816858, 6.465167239235592, 38.1700719553032]","[1972.0741493496241, 288.98294989372533, 667.9244524410142]","[58200, 6000, 22800]","[10858, 1444, 3732]"
fc8130df-90ba-5d94-e040-11ac0d485e0c,0.44861774703569424,0.10860920985897582,0.11516403102608869,0.8021515749417335,0.0397235515991714,0.03135178885574463,0.7532531250384605,"[0.5906276079283947, 0.4397689419651685, 0.562341337236813]","[0.02761334779445812, 0.027737096053199344, 0.02774555271134461]","[0.38151218317193425, 0.2860288793070993, 0.3792826963615346]","[0.03339728790320722, 0.030157206544325993, 0.03230198652894089]","[0.40937239207160575, 0.560231058034832, 0.43765866276318777]","[0.02761334779445862, 0.027737096053199326, 0.027745552711344535]","[0.6184878168280659, 0.7139711206929009, 0.6207173036384657]","[0.033397287903207375, 0.030157206544325903, 0.032301986528941]","[0.0530681062974516, 0, 0.06082177682937125]",0.05603854447497948,"[86.5093034993809, 79.43744344327881, 58.48306632254872]","[1088.2165768214168, 941.1803705698153, 683.9327365349434]","[23200, 22600, 16000]","[2256, 2200, 1401]"
fc813235-5ed8-7695-e040-11ac0d485e3e,0.15258218753788902,0.16258732701426362,0.15906476169999445,0.7681949181158976,0.0428073399299872,0.04275296455219191,0.7256883951749167,"[0.47938071496077755, 0.44875682360155517, 0.532859031816097]","[0.020449619641008162, 0.062161824894612146, 0.02031538844209983]","[0.39727614466203937, 0.3615846501680433, 0.4232837876444205]","[0.02801267539053441, 0.028728684401842824, 0.02777852165336049]","[0.520619285039223, 0.5512431763984458, 0.46714096818390316]","[0.020449619641008283, 0.062161824894612305, 0.0203153884420999]","[0.6027238553379605, 0.6384153498319569, 0.5767162123555797]","[0.02801267539053454, 0.028728684401842768, 0.027778521653360564]","[0.0813562340959708, 0, 0.06985206991780149]",0.07482806118746177,"[52.44443452318633, 57.373290259229705, 61.81097970372024]","[562.5714063820034, 860.1677956455397, 723.7438318871027]","[13600, 19000, 16400]","[1215, 2431, 1594]"
fc9f6916-da31-ab17-e040-11ac0c4808f3,0.12045693247396194,0.07013351777661253,0.07765419821528297,0.29306813969753437,0.04085079247460943,0.05017453292607982,0.30344506665035376,"[0.1339132088023823, 0.11152080717120659, 0.2331957469248709]","[0.015327437979638592, 0.014757859316493278, 0.0330853988062914]","[0.10136559941152543, 0.07302909706990268, 0.1261569951693951]","[0.015608657889969206, 0.010364455507943167, 0.018114313748492025]","[0.8660867911976178, 0.8884791928287935, 0.7668042530751293]","[0.015327437979638515, 0.014757859316493139, 0.03308539880629133]","[0.8986344005884749, 0.9269709029300972, 0.8738430048306048]","[0.015608657889969277, 0.010364455507943057, 0.0181143137484921]","[0.05665062583033016, 0, 0.04487149175067442]",0.05285988631742278,"[43.261400596494894, 79.31049531515743, 17.799066177481418]","[740.7158306308745, 1251.9274815552055, 350.1778603984042]","[13600, 19200, 5200]","[1492, 1983, 708]"
fc9f6cb0-ceb9-790d-e040-11ac0c480ad1,0.13948979509608178,0.18557350420559293,0.2617041982012779,0.8602545438019704,0.028182623517220562,0.029239288532834085,0.8380396497924051,"[0.7588837837923913, 0.4192038624462222, 0.6957472319116194]","[0.019639089359775933, 0.025453568251179164, 0.022413237784512742]","[0.6695012369491437, 0.43869932034969816, 0.7169425062871384]","[0.034711672040675795, 0.04946431310421682, 0.03099557655975407]","[0.2411162162076096, 0.5807961375537785, 0.30425276808838086]","[0.019639089359776127, 0.02545356825117939, 0.022413237784512638]","[0.3304987630508564, 0.5613006796503022, 0.2830574937128619]","[0.034711672040675566, 0.04946431310421675, 0.03099557655975405]","[0.08368456226746179, 0, 0.10086506447529259]",0.08981641067307355,"[103.36879784081208, 60.33977320354155, 47.576140120826516]","[916.9155246257862, 573.6996676309517, 516.1585406754638]","[26800, 15800, 12400]","[2146, 1485, 1191]"
fc8130e3-01ba-c740-e040-11ac0c483291,0.10116932703030657,0.18322868115968832,0.2145521033372239,0.7560285379536412,0.04070063881809671,0.04182510180917354,0.7551294702587211,"[0.6755785907192723, 0.31709519635400313, 0.602424964056225]","[0.027202267849166465, 0.031606537693577914, 0.03079628214841187]","[0.567175023942372, 0.312980719503851, 0.5907757207700016]","[0.0326223885430065, 0.03153917960242178, 0.029332886627857897]","[0.32442140928072816, 0.6829048036459971, 0.3975750359437748]","[0.02720226784916634, 0.03160653769357778, 0.030796282148412537]","[0.43282497605762776, 0.6870192804961494, 0.4092242792299981]","[0.032622388543006746, 0.03153917960242171, 0.02933288662785782]","[0.051463774086828486, 0, 0.05309160033694624]",0.052677885889012295,"[37.53508934482716, 41.07047741171504, 91.56507863540719]","[550.6381902340968, 665.3772334087064, 1687.1231953922997]","[12000, 13400, 29200]","[1255, 1362, 3683]"
fc63cbab-d27a-5ebb-e040-11ac0c48724f,0.31685603856627603,0.09885326816370682,0.12809638990568853,0.7727076782279432,0.03182051761340088,0.03910846572653859,0.7806897016702535,"[0.6768835250642238, 0.3323294060830517, 0.7135294607704691]","[0.02908649547350241, 0.017046723053747336, 0.025218806486851434]","[0.5494282227755728, 0.2900451473339848, 0.5225875944688334]","[0.0332016801378612, 0.02244945955342556, 0.030258492670895993]","[0.3231164749357769, 0.6676705939169492, 0.2864705392295318]","[0.029086495473502758, 0.017046723053747822, 0.025218806486851476]","[0.4505717772244271, 0.7099548526660153, 0.47741240553116654]","[0.03320168013786107, 0.022449459553425703, 0.03025849267089583]","[0.04559964090282932, 0, 0.04558669854488669]",0.04559588384339786,"[58.04278959133278, 130.4128713033357, 28.631752666879823]","[917.3173216174287, 2048.528630141528, 378.5400959883745]","[14200, 30600, 7000]","[1484, 3252, 607]"
fca6150f-d555-a29e-e040-11ac0d4873b2,-0.2796465071251395,0.62697692449761,0.3591035720889688,0.34744253728998037,0.021548272172056848,0.02358467759601396,0.3310758326959337,"[0.1851165783187112, 0.1309726402524448, 0.2730726657364188]","[0.009556551023174792, 0.00793812615060282, 0.01259931022527116]","[nan, nan, nan]","[nan, nan, nan]","[0.8148834216812889, 0.8690273597475554, 0.7269273342635814]","[0.009556551023174752, 0.007938126150602754, 0.012599310225271302]","[nan, nan, nan]","[nan, nan, nan]","[nan, 0, nan]",nan,"[92.67185422415216, 178.37039139449283, 49.70374572548011]","[119.90991837114161, 94.16623709356107, 64.32237802815092]","[21600, 42600, 11400]","[599, 1473, 341]"
a85cf239-ff51-46e7-9b88-4c2cb49c66b9,0.38431455207469,0.15412389820634775,0.1550425493666369,0.8766665138727393,0.03849273706418688,0.03901110426720422,0.8367761658154376,"[0.740156636335414, 0.46964247041377744, 0.7058656022412082]","[0.029093548228281262, 0.03693069747711801, 0.030084722846738313]","[0.5926846215448396, 0.3329010027999388, 0.5999312619839242]","[0.023386647414082765, 0.023275170011035334, 0.02281515608804482]","[0.2598433636645867, 0.5303575295862233, 0.29413439775879197]","[0.029093548228281595, 0.03693069747711795, 0.030084722846738167]","[0.40731537845516036, 0.6670989972000615, 0.40006873801607595]","[0.02338664741408271, 0.023275170011035264, 0.022815156088045362]","[0.032361794115884475, 0, 0.04116067144515334]",0.03779256690046683,"[48.66773214893234, 66.03785255850575, 85.99901491456859]","[966.4056643345201, 1295.9596218563115, 1548.161296073331]","[13200, 18800, 23000]","[1708, 2361, 2754]"
b752b444-f033-4be4-9d24-e5e80b4181af,0.42613820069466113,0.27174348751209165,0.19354202835270906,0.9259584991665384,0.026764620880218915,0.014079270010098344,0.9111395998580233,"[0.8927846119355033, 0.3948653372549183, 0.8816995114282965]","[0.01940224639573177, 0.02040860474136936, 0.019213870900993378]","[0.8010462674534413, 0.3316753552411935, 0.8044286700119784]","[0.02453205359858858, 0.026560870381177975, 0.022374996085606804]","[0.10721538806449668, 0.605134662745082, 0.1183004885717036]","[0.01940224639573206, 0.020408604741369397, 0.01921387090099382]","[0.19895373254655843, 0.6683246447588064, 0.19557132998802132]","[0.024532053598588392, 0.026560870381178023, 0.022374996085606995]","[0.056153435804478825, 0, 0.06528953250659557]",0.061077740363521225,"[90.46117701636973, 41.5425019598635, 109.13081957689515]","[879.377037991893, 497.3916224895002, 1023.5305061359794]","[22200, 9400, 26600]","[1797, 791, 2101]"
71fda5a9-7049-406f-9348-2c24f7ddf5f4,0.5118685089830123,0.09159686067970996,0.09424287226721106,0.7571098610082367,0.040552872893864556,0.03840443255540571,0.7201972405111617,"[0.6099909256359832, 0.36634505009324836, 0.5024870245172433]","[0.026654140893567064, 0.02685128803841054, 0.02681646554213278]","[0.28170027804128617, 0.23323936173057902, 0.29896539152228413]","[0.03042231187174786, 0.038394485453070976, 0.029825662461448986]","[0.3900090743640173, 0.633654949906752, 0.49751297548275764]","[0.02665414089356721, 0.02685128803841041, 0.026816465542132895]","[0.7182997219587139, 0.7667606382694206, 0.7010346084777157]","[0.03042231187174775, 0.03839448545307083, 0.029825662461449062]","[0.048581503494014446, 0, 0.04034419199592563]",0.04502651201414821,"[86.40056352551623, 78.26978113541428, 42.546241290712]","[968.2085279132057, 866.8377241519163, 750.9730461290569]","[23800, 21200, 10800]","[1678, 1851, 1274]"
6e839eaf-1dbb-43f5-8846-c980e05540c7,0.24240271568238878,0.07393185271660599,0.05337808399437938,0.3183114305210236,0.02815190521899269,0.03496727175652531,0.27926417889638744,"[0.21922240920386918, 0.09662405712455849, 0.20706996430978633]","[0.014050750782491678, 0.011433004790050964, 0.016067257003557867]","[0.047763609363912704, 0.03622792542861184, 0.05430250355057879]","[0.022022631638067194, 0.01565689896876136, 0.020428760994842934]","[0.7807775907961312, 0.9033759428754419, 0.7929300356902139]","[0.014050750782491676, 0.011433004790050607, 0.016067257003557156]","[0.9522363906360873, 0.9637720745713881, 0.945697496449421]","[0.022022631638067083, 0.01565689896876136, 0.020428760994842903]","[0.09121692380637798, 0, 0.06700450215124812]",0.0701920707370452,"[24.0441794541307, 63.65853793050731, 114.04209752626026]","[216.9090568647177, 748.981825541377, 1431.8372337978844]","[6800, 16400, 30800]","[438, 1567, 2889]"
d8fbb398-d1da-4444-984a-22c8523625da,0.32850651322884644,0.10734071131043121,0.11325256641368173,0.9336145903777223,0.030854842527335058,0.029246396157207366,0.8830684554979874,"[0.745945888638895, 0.5973142416029236, 0.7194324637496599]","[0.02006211367718555, 0.03734652065074066, 0.017887219316808613]","[0.6279454776225333, 0.47974113555628844, 0.6282780200911666]","[0.019880256700815942, 0.028671571696031246, 0.018466075516124173]","[0.2540541113611053, 0.40268575839707615, 0.28056753625034064]","[0.020062113677185852, 0.03734652065074055, 0.017887219316808558]","[0.3720545223774671, 0.5202588644437114, 0.3717219799088333]","[0.019880256700815578, 0.028671571696031274, 0.018466075516124524]","[0.048674140219726374, 0, 0.04666862401430594]",0.04719735860740512,"[54.028152086839185, 78.80690870973969, 130.61892919306942]","[759.0185493430879, 1386.2958720028766, 2116.2059174450465]","[13400, 22600, 31600]","[1266, 2607, 3536]"
7b08e810-f3c9-4155-ac11-f45a3a4f8b41,0.5668784856037462,0.08790104070275284,0.09725795585936692,0.7364120098551337,0.041287764476285904,0.04684535015924585,0.7023740766872697,"[0.7420529230876853, 0.3064641407200132, 0.5955944751728285]","[0.03874673223598963, 0.022191994054179657, 0.0466372094955383]","[0.25992118004536724, 0.1713723043115726, 0.2522110946011256]","[0.04221086556626853, 0.02735974743309482, 0.033972135772649584]","[0.2579470769123154, 0.6935358592799872, 0.4044055248271723]","[0.03874673223598984, 0.02219199405417989, 0.04663720949553883]","[0.7400788199546325, 0.8286276956884273, 0.7477889053988743]","[0.0422108655662685, 0.027359747433094612, 0.03397213577264933]","[0.032491244198163856, 0, 0.0442461058614164]",0.03991837428916181,"[27.658866986823504, 93.41993257859436, 42.29885468344462]","[299.6835406827924, 1120.0420365973596, 523.0965670383513]","[7400, 24800, 11800]","[606, 2238, 1040]"
418e916b-7a4e-4fab-8616-15dcec4d79f8,0.21045745502565183,0.12284978924167539,0.13144802928319063,0.7888946620030062,0.024773937002120938,0.021790145501241476,0.7597089334358378,"[0.618244202193655, 0.5542198751576781, 0.6468179453703082]","[0.017597534811141388, 0.14767652340971157, 0.015140133492403854]","[0.5467890339018653, 0.35206514620778123, 0.5729235965873535]","[0.02914108067544888, 0.083247157920349, 0.027313443773063738]","[0.38175579780634566, 0.44578012484232216, 0.35318205462969215]","[0.017597534811141062, 0.14767652340971152, 0.015140133492404107]","[0.453210966098135, 0.6479348537922186, 0.4270764034126468]","[0.029141080675449148, 0.08324715792034912, 0.027313443773063575]","[0.08592378691460528, 0, 0.09315480231835535]",0.08929853909976579,"[137.97771218905325, 13.858743901310014, 132.68532035103]","[1359.3974604463901, 144.80510676939554, 1183.973856687835]","[35800, 4000, 33800]","[2771, 302, 2425]"
6c8e9197-fd16-4fed-bfda-e349cab26314,0.42207340874108,0.09803805825058887,0.09812094320265702,0.8202925845292789,0.024775295311864176,0.030558044890961256,0.8202448695438158,"[0.6494253180326237, 0.432273186711094, 0.6808664161998075]","[0.023804883304593835, 0.051686970698506716, 0.019246001093037618]","[0.50159924408609, 0.2629635636502179, 0.5025805685408045]","[0.03712482101912549, 0.035268220525713864, 0.03530543077780867]","[0.3505746819673767, 0.5677268132889065, 0.3191335838001929]","[0.023804883304593908, 0.05168697069850712, 0.0192460010930377]","[0.49840075591390987, 0.7370364363497819, 0.49741943145919487]","[0.03712482101912576, 0.03526822052571371, 0.03530543077780851]","[0.07395423367247217, 0, 0.06237979964121668]",0.06509547583346066,"[44.717373634434814, 35.831156051754704, 140.27194035554788]","[428.6510271091662, 419.4879785915403, 1454.311227815994]","[12400, 10200, 37200]","[1076, 1004, 3510]"
207f8a42-5b05-4876-b0ae-ebfaeea27844,0.5981917265076457,0.3137319283404614,0.2023161165969911,0.9107087548485532,0.0513740653384569,0.03473720510270861,0.901480845950926,"[0.9261569277989973, 0.4134439104362872, 0.8209881778605872]","[0.02735634668264346, 0.050569236609787044, 0.05756175977310365]","[0.6898359160581363, 0.29034441987678083, 0.6612016187331755]","[0.034819998212871635, 0.03075634247532054, 0.034851187769710336]","[0.07384307220100327, 0.5865560895637135, 0.17901182213941322]","[0.027356346682643758, 0.0505692366097872, 0.05756175977310377]","[0.3101640839418637, 0.709655580123219, 0.3387983812668246]","[0.03481999821287157, 0.03075634247532043, 0.0348511877697102]","[0.01619648194267962, 0, 0.03464919200677241]",0.028953544572132887,"[31.858122195921005, 38.59603619025842, 67.76994531314831]","[474.04707182876564, 591.8772459201267, 1056.1916200990008]","[8600, 10200, 19800]","[1151, 1117, 2578]"
110b5f05-ded7-45ec-b0f6-a941c92d77dd,0.6374823644836105,0.09838966367986657,0.07889778731658381,0.9467503997389752,0.03331040604515234,0.022844277871838292,0.9152168222295365,"[0.8524196063409317, 0.5204101227366128, 0.7384107007461483]","[0.018784227402701494, 0.023201405989586435, 0.021850764005791973]","[0.5320241465360641, 0.35947723385601477, 0.5257589888699098]","[0.028952105608194386, 0.022622313708180207, 0.02762335270317628]","[0.14758039365906886, 0.47958987726338703, 0.2615892992538517]","[0.0187842274027014, 0.02320140598958495, 0.02185076400579231]","[0.4679758534639361, 0.6405227661439858, 0.47424101113009004]","[0.028952105608194022, 0.02262231370817922, 0.02762335270317649]","[0.023483753856273323, 0, 0.04387168202616269]",0.03636798390393407,"[37.267129163696026, 91.00774398849423, 69.19543793162421]","[502.51372989595706, 1204.6955795381582, 873.7323296559687]","[9800, 24600, 17600]","[1085, 2539, 1863]"
987528ac-437a-4eb8-a335-4f2076d5c006,0.5687276968333924,0.4271992788235287,0.25642646402637514,0.8274095028233294,0.17955693435339082,0.10698050921038993,0.633033879245808,"[0.693579897247198, 0.46449344330746956, 0.6393754965906338]","[0.14977281587134184, 0.1699416040437536, 0.1486676376860478]","[0.37787756798996697, 0.23811703895237152, 0.40828206510211873]","[0.034448855583141924, 0.03263388339840375, 0.034305941677627766]","[0.3064201027527999, 0.5355065566925314, 0.36062450340936686]","[0.1497728158713405, 0.16994160404375377, 0.14866763768604813]","[0.6221224320100328, 0.761882961047628, 0.5917179348978814]","[0.034448855583140675, 0.03263388339840374, 0.03430594167762835]","[0.026441445115792446, 0, 0.030369000009498905]",0.02754369439241329,"[86.56111188308103, 36.94016741328814, 31.412225870155826]","[1726.8707765133863, 771.4346079067595, 671.6734080917802]","[34400, 13400, 13400]","[4460, 1899, 1740]"
ea43434b-197e-48ac-ae2e-46bc7f3776de,0.5200373474003003,0.12068971705395104,0.11888265828446937,0.8637223732341737,0.04703908531324341,0.03994347185090785,0.803386075592662,"[0.714360684007921, 0.44189832741919716, 0.7265085152738961]","[0.044988720632791565, 0.05980250888866809, 0.038735620023236064]","[0.4896398498410421, 0.2926451650748281, 0.5012782420094285]","[0.02561394172741059, 0.02278735957056619, 0.023627234295407324]","[0.28563931599207903, 0.5581016725808031, 0.27349148472610374]","[0.044988720632791385, 0.05980250888866769, 0.03873562002323555]","[0.5103601501589581, 0.707354834925172, 0.49872175799057156]","[0.025613941727410838, 0.02278735957056546, 0.023627234295407792]","[0.02311490911371404, 0, 0.025088419250002093]",0.02411422231190126,"[74.99347908816772, 77.66196078383805, 85.52808080820833]","[1829.437825574803, 2048.0987796678, 1881.4222357603767]","[23800, 25800, 25800]","[3103, 3571, 3183]"
43f7a2e0-fec9-4e43-872d-18c6c946fa17,-1.021008264506115,1.6236760107423402,4.424453338192721,0.8878191819092826,0.02242181126087117,0.019757626911269255,0.8652105039504997,"[0.6799089100816764, 0.5210384213053133, 0.7008827033101521]","[0.016210846699183778, 0.02242046019836903, 0.013148259835423061]","[nan, nan, nan]","[nan, nan, nan]","[0.32009108991832386, 0.47896157869468725, 0.2991172966898482]","[0.016210846699183858, 0.02242046019836919, 0.013148259835423037]","[nan, nan, nan]","[nan, nan, nan]","[nan, 0, nan]",nan,"[96.74598948761792, 77.63735493959719, 54.08425054419575]","[183.8767805729449, 105.61191722705331, 73.94251808485724]","[22800, 18800, 12600]","[1006, 745, 441]"
eddfbfb9-3ae8-449b-b870-46062a2571c1,0.5935372729591758,0.08814866329009696,0.10656309631980515,0.8839794943621068,0.023024092702983445,0.019400717731422823,0.8456584147964575,"[0.7490376571734089, 0.43183039708800863, 0.7651678888074231]","[0.0192926909524188, 0.01563295396041404, 0.017936955485260125]","[0.5054864310797936, 0.3443711618904106, 0.502258430323178]","[0.038393787246219294, 0.03853605960237978, 0.03685704005741781]","[0.2509623428265916, 0.5681696029119917, 0.23483211119257702]","[0.019292690952419006, 0.01563295396041448, 0.01793695548526071]","[0.4945135689202064, 0.6556288381095894, 0.49774156967682215]","[0.03839378724621929, 0.03853605960237993, 0.03685704005741765]","[0.060519777195155076, 0, 0.06722594408473526]",0.06418686176520978,"[72.57756160927939, 123.70945669968965, 104.57552567910079]","[615.0561302494762, 779.6073606994931, 741.378973508364]","[17400, 31200, 25200]","[1626, 2206, 1962]"
d5372745-95cf-4572-a6e7-e7f5b796911a,0.40644792605847213,0.397654843241827,0.17799034822569956,0.9220609994914182,0.04453475925251682,0.02647526969895453,0.9117708371042972,"[0.889230964027702, 0.38885178321462527, 0.8962297530116836]","[0.02607819223164912, 0.06450897469592252, 0.024951254360142738]","[0.8159927630376296, 0.47798496226672266, 0.8151385680707983]","[0.01962139991320634, 0.08140154956517959, 0.01928863662704962]","[0.11076903597229823, 0.6111482167853752, 0.10377024698831656]","[0.026078192231649068, 0.06450897469592243, 0.02495125436014281]","[0.18400723696237015, 0.5220150377332773, 0.18486143192920157]","[0.019621399913206283, 0.08140154956517966, 0.0192886366270495]","[0.05641624896463384, 0, 0.0439051569694867]",0.04897612778174899,"[51.28837220576088, 22.91950902124735, 62.02056872801656]","[549.4191897330975, 274.24624015831074, 796.5393783085319]","[15600, 6400, 17800]","[1128, 638, 1655]"
5dbf3203-ce73-41e4-bf9a-32fc856f73f5,0.20379319869121482,0.10663374222646754,0.1354285231517367,0.6572661257878966,0.030210435687112236,0.03780735725558959,0.6573020194972463,"[0.4645590296729005, 0.2956592332094023, 0.45652810984400205]","[0.021800910979551717, 0.017510742694256006, 0.020760300834662317]","[0.4217888631328131, 0.20511019323104066, 0.34401673202346716]","[0.03240767529045436, 0.019789643949801143, 0.028740074880068703]","[0.5354409703271004, 0.7043407667905979, 0.5434718901559988]","[0.02180091097955165, 0.01751074269425523, 0.020760300834662467]","[0.5782111368671871, 0.7948898067689596, 0.6559832679765332]","[0.03240767529045411, 0.019789643949800727, 0.02874007488006944]","[0.09150641449720189, 0, 0.07288026407213004]",0.07911032715635102,"[56.68824507183393, 106.15594095904024, 103.08252965386475]","[577.8414198796861, 1291.8420100100466, 1179.721520211403]","[15000, 27400, 27200]","[1362, 2623, 2710]"
7456abd5-303e-4e6f-bf4e-47efefc7310f,0.42194419229223584,0.05849135444078635,0.12890803121101585,0.5173577321646563,0.02412843867354808,0.022344400696770017,0.5002122756138156,"[0.2879752939078643, 0.21303781689324203, 0.365342653822305]","[0.014857690753868755, 0.009550716627307694, 0.015891878890912245]","[0.06839907058351972, 0.05266505414241173, 0.09233178477911654]","[0.03871265119242491, 0.020345598844948555, 0.047367659592550536]","[0.7120247060921358, 0.7869621831067585, 0.6346573461776954]","[0.014857690753868755, 0.0095507166273081, 0.01589187889091211]","[0.9316009294164803, 0.9473349458575882, 0.9076682152208835]","[0.03871265119242487, 0.020345598844948694, 0.04736765959255058]","[0.2894488432181902, 0, 0.2381363216314]",0.25051494880664993,"[22.96485120331843, 110.33822907505142, 62.763718059644]","[62.500934656799444, 346.3464069720635, 189.78199233020393]","[5000, 25000, 13600]","[179, 1009, 563]"
