ID,HRDTime,HRDTime_ci_hi,HRDTime_ci_lo,WGDTime,WGDTime_ci_hi,WGDTime_ci_lo,WGDTime_CpG,pi2SBS1,pi2SBS1_ci,pi2SBS3,pi2SBS3_ci,pi1SBS1,pi1SBS1_ci,pi1SBS3,pi1SBS3_ci,c,c21,Nt_SBS1,Nt_SBS3,N_mut(C>TpG),N_mut_all
PD31044a,0.15382419610004125,0.3084783110504504,0.3778947456163944,0.6245786869971861,0.10556237974338256,0.13403850072463036,0.7037313044906373,"[0.3537572711031137, 0.2955644917588253, 0.07433257643348734]","[0.0871483430089893, 0.04910007555189608, 0.06495376909409893]","[0.3478792559229841, 0.21141271429563765, 0.264011332420686]","[0.09281964378130435, 0.05377448032232885, 0.07280753661510088]","[0.6462427288968868, 0.7044355082411748, 0.9256674235665128]","[0.08714834300898906, 0.04910007555189622, 0.06495376909409895]","[0.6521207440770159, 0.7885872857043625, 0.735988667579314]","[0.09281964378130425, 0.05377448032232846, 0.07280753661510088]","[0.06686350993917378, 0, 0.10826875919215695]",0.0744453922037003,"[15.744462539073643, 55.85900320827077, 4.618464924662114]","[244.60397513579713, 616.7488763798912, 56.5183340638644]","[4800, 17400, 1200]","[745, 1871, 167]"
PD31051a,0.10749551591652114,0.03612591430014446,0.035492296645928456,0.1488959033788117,0.031979796922211146,0.03899452979011206,0.12949737080304854,"[0.08877881451706296, 0.043871280984285096, 0.1350453268165846]","[0.014563345350262602, 0.007867373149725515, 0.01822175378927483]","[0.02256331103626339, 0.018890215809723117, 0.057402304114012315]","[0.009390058424377285, 0.0064075925650312815, 0.018833241091418047]","[0.9112211854829372, 0.9561287190157146, 0.8649546731834156]","[0.014563345350261658, 0.007867373149725493, 0.018221753789274882]","[0.9774366889637365, 0.9811097841902763, 0.9425976958859877]","[0.009390058424377562, 0.0064075925650314185, 0.018833241091417992]","[0.06873802095449084, 0, 0.07173387612247914]",0.06906208467924511,"[75.04255968409834, 95.71510039317342, 9.3456112881885]","[1025.905867071544, 1061.447802198381, 120.51710351026006]","[24000, 26800, 3200]","[2696, 2483, 327]"
PD31056a,-1.2406163069636549,2.1670515390164447,5.97763328687383,nan,nan,nan,0.5665213281396683,"[0.21541130987297716, 0.5399047104768457, 0.45030058945523505]","[0.18407372326426433, 0.19589709222037366, 0.2551986168387029]","[0.09047804259349332, 0.13474232331419878, 0.27827896809679425]","[0.055371893577326144, 0.05544180699907089, 0.17389416845514596]","[0.7845886901270228, 0.46009528952315437, 0.5496994105447649]","[0.18407372326426433, 0.1958970922203737, 0.2551986168387029]","[0.9095219574065067, 0.8652576766858012, 0.7217210319032058]","[0.05537189357732614, 0.05544180699907086, 0.17389416845514596]","[0.043973581132869054, 0, 0.11237768038942382]",0.0655208723986838,"[2.13945839728859, 0.22351543796991258, 2.158396793996799]","[57.68368518503323, 57.42441475534574, 16.44248704034428]","[600, 200, 800]","[137, 132, 63]"
PD31059a,0.02175161226731884,0.06623965480038013,0.07857125726865692,0.2847513025831991,0.03254624144763457,0.04403002494337596,0.2745156180558696,"[0.10634209991307482, 0.11204540241033886, 0.2228454986937537]","[0.014061115683425496, 0.012155320913127775, 0.030927580358037842]","[0.10498506203765004, 0.10585935282306833, 0.2126698595665816]","[0.01348138063908396, 0.012308965309858214, 0.02116896033463423]","[0.8936579000869251, 0.887954597589661, 0.7771545013062469]","[0.014061115683425518, 0.012155320913127711, 0.030927580358037696]","[0.89501493796235, 0.8941406471769315, 0.7873301404334182]","[0.013481380639084007, 0.012308965309857917, 0.021168960334634276]","[0.08022682885522225, 0, 0.0696323585669073]",0.07633819817830952,"[45.887196141047696, 86.38172889169073, 24.36095480193619]","[575.511526394146, 1071.970338773126, 347.3925715719623]","[11400, 22800, 6000]","[1064, 2092, 617]"
PD31068a,0.15045471061975957,0.06755157903813463,0.09374744106984045,0.44116764980611095,0.02846065525761121,0.03240122839794296,0.4255779572262917,"[0.17276014343523677, 0.1718219096285631, 0.44728786691650646]","[0.01631843801094717, 0.010786035483532956, 0.02316334080928267]","[0.1896247836894193, 0.1197610178909649, 0.2870380282715497]","[0.024654138328850803, 0.011683676361994093, 0.031845003487956186]","[0.8272398565647634, 0.8281780903714374, 0.5527121330834942]","[0.01631843801094704, 0.010786035483533199, 0.023163340809282718]","[0.8103752163105807, 0.8802389821090353, 0.7129619717284504]","[0.02465413832885068, 0.011683676361994093, 0.03184500348795621]","[0.07913269142606975, 0, 0.07557095193546964]",0.07777144362075537,"[33.807441781955056, 79.00735133121525, 26.693959298844888]","[441.72384396651347, 811.3915625743092, 276.9520226788242]","[8200, 18200, 6400]","[763, 1499, 472]"
PD31074a,0.36891646827139696,0.09852046012578375,0.08941679041576284,0.7637247118795141,0.0617205181741719,0.04277809598466498,0.7007754209266216,"[0.5333318596743187, 0.4357742880497588, 0.5843388741570129]","[0.026076250866752384, 0.08337022868951947, 0.02895827038026175]","[0.3552140608103208, 0.2440235168495772, 0.4011096559321079]","[0.013884387460309266, 0.016141156220375465, 0.013594556540541494]","[0.46666814032568255, 0.5642257119502425, 0.4156611258429875]","[0.026076250866752266, 0.08337022868951952, 0.028958270380262007]","[0.6447859391896779, 0.7559764831504228, 0.5988903440678919]","[0.01388438746030994, 0.01614115622037511, 0.013594556540541274]","[0.03295308986751383, 0, 0.02551572427217977]",0.030572179150253235,"[79.20247974632326, 40.02068583014536, 28.8623978228137]","[1740.8971230116317, 1343.0685550260655, 786.0136730890376]","[21000, 12400, 8200]","[2969, 2237, 1398]"
PD31092a,0.398245325125356,0.13293793141233506,0.13193836573882273,0.8865120755262126,0.02109636614534649,0.023448905477278292,0.8527133795014735,"[0.7277400905751117, 0.45573780476408154, 0.8075501966060229]","[0.026186836593269158, 0.022984303795202457, 0.01700689348004547]","[0.6565831588959915, 0.38682070378295363, 0.6559467559358281]","[0.029417097718394777, 0.03429432695791157, 0.026884312849262133]","[0.2722599094248888, 0.5442621952359191, 0.19244980339397755]","[0.026186836593268998, 0.02298430379520244, 0.017006893480045398]","[0.3434168411040088, 0.6131792962170463, 0.3440532440641722]","[0.02941709771839477, 0.03429432695791155, 0.026884312849262237]","[0.06310127771497648, 0, 0.047857656411860565]",0.054351386249479085,"[57.105743657688734, 37.281699239714214, 82.2891245820167]","[724.4275635097656, 397.7587001113246, 969.6217506417853]","[13400, 8600, 19000]","[1229, 707, 1656]"
PD31097a,0.6341159473646356,0.048292191599368595,0.057274789484177635,0.9152544581885773,0.018066505716827774,0.015475782115461079,0.8933806111242808,"[0.7807317905427741, 0.5006280534475583, 0.7698163135551865]","[0.013723801202086893, 0.021271203611054227, 0.01208813633183206]","[0.5491519108896614, 0.33845781030764743, 0.48899639778644016]","[0.025226732029149622, 0.02645550668945016, 0.02318937816004967]","[0.219268209457226, 0.49937194655244144, 0.23018368644481363]","[0.013723801202086659, 0.021271203611055042, 0.012088136331831936]","[0.4508480891103384, 0.6615421896923525, 0.5110036022135596]","[0.025226732029149712, 0.026455506689450316, 0.02318937816004964]","[0.04869151532051115, 0, 0.04814241151761389]",0.048406490410750375,"[112.14196563839282, 101.6689408068917, 132.1543893294111]","[1124.5344352655384, 885.9657948621392, 1240.7140953547275]","[24400, 23800, 29400]","[1992, 1785, 2150]"
PD31099a,0.34655871409610595,0.12940172253198212,0.1228150871884135,0.8287218672422522,0.04149221581769602,0.03206121779302651,0.8019544290344035,"[0.6321515543091475, 0.41677368250143654, 0.7357974093051556]","[0.03082973378513834, 0.05716888703588604, 0.02015817081913874]","[0.5400630256512181, 0.38718788812731797, 0.5697925846908148]","[0.02879041240000185, 0.03914102034913677, 0.027200286298914057]","[0.36784844569085334, 0.5832263174985641, 0.2642025906948451]","[0.030829733785138473, 0.057168887035886184, 0.020158170819138878]","[0.45993697434878184, 0.6128121118726823, 0.430207415309185]","[0.02879041240000179, 0.03914102034913683, 0.02720028629891398]","[0.05439678199905279, 0, 0.03770323262674905]",0.045596407777402266,"[55.62980438964456, 35.7127420228775, 56.76173119374678]","[822.0209140924314, 512.2319032240795, 928.9416051765229]","[15000, 9800, 14200]","[1453, 1035, 1620]"
PD31107a,0.48190525197125594,0.07833256094102509,0.07478509933808197,0.5950537044030368,0.05603319185742117,0.04633366948738993,0.483280776678287,"[0.5504723785422114, 0.2422865439231572, 0.35077440052759185]","[0.03450585522771374, 0.06120736728288801, 0.03187558120537933]","[0.09891772790835604, 0.08317151594760967, 0.11433154302673092]","[0.021759017054867363, 0.016695024471776638, 0.021406354628023653]","[0.44952762145778946, 0.7577134560768437, 0.6492255994724087]","[0.034505855227714044, 0.061207367282887955, 0.031875581205379123]","[0.9010822720916437, 0.9168284840523904, 0.885668456973269]","[0.021759017054867553, 0.016695024471776898, 0.02140635462802374]","[0.03303152310354917, 0, 0.04136871176252379]",0.03745727097933602,"[45.663464601366705, 40.70456100706964, 44.53670621100446]","[697.2972905132251, 793.2693331795273, 797.6381648779951]","[11600, 12600, 12400]","[1156, 1538, 1308]"
PD31127a,0.19980416849064228,0.07312793870357584,0.0966382004934719,0.5310721017023937,0.02903025361119549,0.033319991948360383,0.5291399083300713,"[0.3051312333071415, 0.2386739646353321, 0.39380608981430215]","[0.014922866174901427, 0.012944212379065033, 0.019103164246362277]","[0.2557105423156924, 0.1664718847751533, 0.2401734937130832]","[0.024323390992798784, 0.016340510883301282, 0.02241365297705395]","[0.6948687666928592, 0.761326035364668, 0.6061939101856987]","[0.014922866174901017, 0.012944212379064911, 0.01910316424636232]","[0.7442894576843077, 0.8335281152248467, 0.7598265062869166]","[0.024323390992798257, 0.01634051088330085, 0.02241365297705387]","[0.06893374752444073, 0, 0.04432782647836531]",0.062236528703975766,"[115.31837203195697, 127.65276752003187, 33.02329612074109]","[1565.2505713986432, 1598.300208524987, 595.6634023124911]","[28800, 31800, 7800]","[2535, 2603, 948]"
PD31128a,0.3857339678669318,0.11596163978669571,0.0995935205049035,0.8705881928875359,0.044558345596417026,0.02937248708551221,0.8280299889072075,"[0.7258853343163425, 0.43865049680171025, 0.7410890092828718]","[0.025667801972391477, 0.02655525724991155, 0.021443603643172625]","[0.5893846210344079, 0.3836999008150932, 0.594083216698275]","[0.021018486567520922, 0.030318847012597565, 0.018398610683427172]","[0.274114665683658, 0.5613495031982902, 0.2589109907171286]","[0.025667801972391206, 0.026555257249910837, 0.021443603643172677]","[0.410615378965592, 0.6163000991849067, 0.40591678330172515]","[0.021018486567520363, 0.030318847012597582, 0.01839861068342701]","[0.05015483276671642, 0, 0.048150309895620996]",0.04938258073180941,"[79.05161695005809, 87.69587788848405, 49.943188284449946]","[1054.7310893951449, 1204.7741678880566, 663.0289786165927]","[20000, 23800, 12200]","[1701, 2206, 1066]"
PD31129a,0.24828208803257282,0.30917735333083385,0.22236007069669164,0.7310771026209246,0.07952364470934914,0.06725147925646835,0.6721674217742489,"[0.6652792393103527, 0.3389997032703251, 0.3225398133933016]","[0.06868947373639572, 0.05266352076392019, 0.08624393839102258]","[0.3795538956891935, 0.27303399719433163, 0.36291796453597924]","[0.04103400546292133, 0.031410635584925656, 0.03899522059894795]","[0.33472076068964796, 0.6610002967296755, 0.6774601866066985]","[0.06868947373639588, 0.052663520763920314, 0.08624393839102257]","[0.6204461043108064, 0.7269660028056686, 0.6370820354640208]","[0.04103400546292131, 0.03141063558492584, 0.038995220598947875]","[0.03878150427256917, 0, 0.05412053521189135]",0.04406757031935097,"[20.42917325793337, 46.35486804941525, 7.657099742697849]","[287.5473977997901, 921.7808778002872, 153.28863004693184]","[4800, 12400, 1800]","[426, 1522, 224]"
PD31145a,0.5113195182114514,0.11822646559550676,0.06686188577453023,0.7358782867374157,0.15493478447189601,0.05287181861812551,0.6281891720413729,"[0.5629654357931027, 0.40245702093026964, 0.4698885999033999]","[0.024154051392881067, 0.1275284307904179, 0.02144601217566403]","[0.25633026308394874, 0.17458484282627004, 0.23643496110928827]","[0.021038643202096034, 0.01838560341144935, 0.018186981447426184]","[0.43703456420689507, 0.5975429790697323, 0.5301114000966001]","[0.02415405139287924, 0.12752843079041845, 0.021446012175664407]","[0.7436697369160519, 0.8254151571737296, 0.7635650388907118]","[0.021038643202096856, 0.018385603411448605, 0.018186981447426153]","[0.03248453992216662, 0, 0.05076849111260264]",0.03669599481633726,"[96.96383607098946, 38.17494571209106, 38.54051192531454]","[1755.7987515611903, 832.4347567090965, 527.4555165928703]","[27200, 14400, 11600]","[4648, 2271, 1391]"
PD31147a,0.38137281175121046,0.17496747436918353,0.23574287359737345,0.9372801049504065,0.025947296014627197,0.016048336236464844,0.8996895650690747,"[0.8264011414708727, 0.56805481981515, 0.8338453308596081]","[0.018423030536939614, 0.04768026956885574, 0.01484044126579416]","[0.7198326517565267, 0.4027324284600909, 0.7418126105150104]","[0.03712390406544359, 0.04765006821375218, 0.03262177524041823]","[0.17359885852912776, 0.43194518018485034, 0.1661546691403924]","[0.018423030536939392, 0.047680269568855786, 0.014840441265794025]","[0.2801673482434736, 0.5972675715399093, 0.2581873894849887]","[0.03712390406544317, 0.04765006821375228, 0.03262177524041817]","[0.09715319038135001, 0, 0.09531224100223305]",0.095973931085867,"[63.33860249414674, 31.453928197836653, 111.10592157971573]","[415.60412437595204, 315.7211269159374, 769.5089565011102]","[16200, 8400, 26200]","[1359, 905, 2422]"
PD31155a,0.5863229320858546,0.2935730913220912,0.24216696161236495,0.9698428392723478,0.036775141125233834,0.04130863230818227,0.9580282166054458,"[0.8986753161224439, 0.5075741251702747, 0.9102069576108178]","[0.04416963651295056, 0.05105747612383323, 0.02797272592516922]","[0.7791650734970236, 0.4355868376991351, 0.8136499937265542]","[0.02334898988947308, 0.03764637165756247, 0.018662139031193098]","[0.10132468387755682, 0.4924258748297256, 0.08979304238918241]","[0.04416963651295055, 0.051057476123833136, 0.027972725925169178]","[0.2208349265029769, 0.5644131623008646, 0.18635000627344617]","[0.023348989889473173, 0.037646371657562995, 0.018662139031193382]","[0.02515826977880092, 0, 0.028004310629497976]",0.02627494552924803,"[55.853864455377476, 52.26468390006634, 37.432816494864625]","[1032.3645410808479, 826.6270210391882, 647.3054075062042]","[20400, 18200, 14400]","[2625, 2170, 1695]"
PD31158a,0.31927441432721304,0.07664964934567925,0.08003858572768766,0.6121227425433513,0.04533394939394786,0.0435506419565721,0.5885171749781524,"[0.4243575030358322, 0.2762890736845983, 0.41595500330176177]","[0.026523731420892854, 0.024136843433545732, 0.02385092430977796]","[0.26169311471589324, 0.1578657911889435, 0.27640748214647004]","[0.023240700204119502, 0.01395910114929185, 0.023988231261481464]","[0.5756424969641684, 0.7237109263154022, 0.5840449966982385]","[0.026523731420892805, 0.02413684343354578, 0.02385092430977783]","[0.7383068852841067, 0.8421342088110564, 0.7235925178535296]","[0.02324070020411938, 0.013959101149291818, 0.023988231261481516]","[0.04655346951621866, 0, 0.03847582254674973]",0.04150856626692251,"[34.69092642212976, 37.77530537231769, 46.52486253599539]","[585.7720808588492, 585.8832083405991, 984.3777931680157]","[10000, 10800, 13200]","[1150, 1143, 1913]"
PD31159a,0.3887944196925359,0.0519660952844887,0.061635545087658006,0.49406691693906324,0.02042543889906223,0.01771470882507925,0.4787549286611092,"[0.36810159953844585, 0.19808198906045324, 0.30786621876178377]","[0.011946586578565118, 0.009083863838272309, 0.010211874532835]","[0.09754702943302528, 0.06924287219776844, 0.10186075452324708]","[0.033339720034550935, 0.02951817356526099, 0.03161888746076527]","[0.6318984004615542, 0.8019180109395474, 0.6921337812382166]","[0.011946586578564938, 0.009083863838272227, 0.010211874532835308]","[0.9024529705669748, 0.9307571278022314, 0.898139245476753]","[0.03333972003455092, 0.0295181735652609, 0.03161888746076538]","[0.15605943616305248, 0, 0.1437081701148157]",0.14636626180381931,"[31.802329919633365, 109.75072862353976, 102.44873490604377]","[143.72709742183844, 372.25077867282454, 553.1628266470174]","[7000, 25000, 21600]","[300, 1224, 1094]"
PD31167a,0.4875039055245305,0.07717254749752844,0.08315330168798468,0.8373709259643008,0.02070582776010732,0.014127495245190524,0.8271688531091889,"[0.6806524245379759, 0.3958029146579634, 0.7169527429433882]","[0.017031166398295994, 0.017959044396430233, 0.014984966380842483]","[0.5169259375970964, 0.33455376230196715, 0.49057680165501666]","[0.03263486648692762, 0.07004806344974773, 0.03127763563585743]","[0.31934757546202425, 0.6041970853420375, 0.2830472570566126]","[0.017031166398296046, 0.017959044396430222, 0.014984966380842638]","[0.4830740624029037, 0.6654462376980328, 0.5094231983449835]","[0.03263486648692738, 0.07004806344974764, 0.03127763563585739]","[0.10417903111007756, 0, 0.08317125122445916]",0.090476542493059,"[66.41431177159505, 48.26519529881934, 121.80110630527666]","[424.8052011029863, 241.84236320405705, 819.7228678265915]","[15200, 11000, 29000]","[901, 606, 1690]"
PD31169a,0.39996741981436784,0.1089585897158794,0.09595982728040403,0.7918388012112101,0.023563757683600528,0.023116884055352394,0.7480531889522924,"[0.6106938654798318, 0.3741451386760328, 0.6401836963519338]","[0.022419294928308523, 0.015818704495618896, 0.020474147237492673]","[0.4185426783472643, 0.27951480381860827, 0.46945301772505743]","[0.03488785646129822, 0.024908286896821254, 0.03338366332641254]","[0.3893061345201689, 0.6258548613239678, 0.3598163036480665]","[0.02241929492830826, 0.015818704495618917, 0.02047414723749271]","[0.5814573216527357, 0.7204851961813915, 0.5305469822749425]","[0.03488785646129829, 0.024908286896821136, 0.0333836633264127]","[0.06614548658205677, 0, 0.06051739486105221]",0.06366695722920972,"[71.78968735451375, 108.39467779764226, 50.8140433055379]","[734.9743291674426, 1168.299294408806, 575.8977226325627]","[17200, 25600, 12000]","[1394, 2364, 1097]"
PD31171a,0.6831476681428833,0.29921758652217034,0.5486959117785752,0.9019035146851547,0.30814812058664975,0.10783563142375163,0.8583327598794575,"[0.9454314498237515, 0.407081410113732, 0.8137076297015813]","[0.05776924629560061, 0.11418674134542495, 0.22404951649154145]","[0.748479140178021, 0.36187650297511154, 0.6664943686784253]","[0.0732369356613945, 0.05397111352170455, 0.0983830924941918]","[0.054568550176248586, 0.5929185898862687, 0.18629237029841883]","[0.05776924629560092, 0.11418674134542513, 0.22404951649154145]","[0.25152085982197914, 0.6381234970248886, 0.33350563132157474]","[0.07323693566139451, 0.05397111352170469, 0.09838309249419183]","[0.010590381848701067, 0, 0.07176807128371056]",0.017378233592557024,"[10.777713965594785, 23.660580232561678, 1.9305544897360931]","[292.5828952738256, 354.07876126673784, 33.50140582234957]","[4000, 7400, 1000]","[625, 794, 78]"
PD31178a,0.26781489576369516,0.5717659331873901,0.32024669846481,0.6930648063630629,0.29718817775755013,0.16556875096749346,0.6233864303188174,"[0.5700073487658517, 0.2923602989586173, 0.5313854407099872]","[0.12579313645018997, 0.17055413664787045, 0.11705572453522291]","[0.45174010586671287, 0.4466707973790568, 0.33321836372068264]","[0.0652850212117961, 0.19564161443303016, 0.0557434078997731]","[0.429992651234149, 0.7076397010413829, 0.4686145592900131]","[0.12579313645019022, 0.17055413664787047, 0.11705572453522291]","[0.5482598941332872, 0.5533292026209432, 0.6667816362793175]","[0.06528502121179604, 0.1956416144330301, 0.05574340789977308]","[0.03893866738402803, 0, 0.03573037951601682]",0.03785379507246226,"[15.716185669480888, 13.236683499879042, 7.930407852840039]","[324.50178494408664, 149.01161014206272, 160.17335757331563]","[4400, 4000, 2400]","[550, 389, 281]"
PD35926a,0.535080638528174,0.13761520039148278,0.13433484239286286,0.9140734310252867,0.18536168168235245,0.05235791918949517,0.8571465113566231,"[0.7540031128114002, 0.4969344179561807, 0.6668607852230618]","[0.029045354927958147, 0.07055413092708664, 0.040223898047956196]","[0.4919453141047638, 0.30954568397175775, 0.4643435745457235]","[0.0292398959858134, 0.020192952834966978, 0.02753440167218571]","[0.24599688718859988, 0.5030655820438197, 0.3331392147769382]","[0.02904535492795831, 0.07055413092708678, 0.0402238980479564]","[0.5080546858952364, 0.6904543160282419, 0.5356564254542765]","[0.02923989598581338, 0.020192952834966298, 0.0275344016721858]","[0.028943402150781887, 0, 0.028691204354797616]",0.028792263614474168,"[32.92583894371033, 65.59831522062251, 38.97996519166485]","[553.1124108314547, 1572.27516406371, 850.7116464958813]","[9800, 23200, 11000]","[1122, 3546, 1678]"
PD35929a,0.48632369705787354,0.1677780959366299,0.09879641704992875,0.7115139501203614,0.19756398704853384,0.0808761819794499,0.5980475743455929,"[0.538207458495144, 0.39693115748611296, 0.4586796020560556]","[0.049540744203989066, 0.17564955493542644, 0.04439422746618542]","[0.20808946759133676, 0.15843940975234727, 0.21717832483971425]","[0.027940314634598038, 0.02354301601228335, 0.026862901743091517]","[0.4617925415048569, 0.6030688425138876, 0.5413203979439452]","[0.04954074420398916, 0.17564955493542658, 0.04439422746618527]","[0.7919105324086633, 0.8415605902476527, 0.7828216751602858]","[0.027940314634597955, 0.023543016012283584, 0.026862901743091343]","[0.02685252645315063, 0, 0.032754396225991037]",0.030428269734404073,"[24.838588470353724, 22.77513833744186, 38.80082979790233]","[543.4500739808343, 627.1920110066142, 825.7451637269899]","[6600, 8000, 10400]","[860, 1212, 1322]"
PD35930a,0.39752146857485954,0.14850499381775556,0.14008276414211518,0.8997097216976687,0.026371861528013185,0.027796487533916836,0.8354465668552714,"[0.7487086093016803, 0.4733342611766041, 0.8087110281270147]","[0.0281510761339434, 0.03200565660369544, 0.017672865912599922]","[0.67963555824753, 0.3734243925642128, 0.6474193689062919]","[0.026350812613119334, 0.03876453933483942, 0.02472404987239498]","[0.2512913906983189, 0.5266657388233967, 0.1912889718729849]","[0.028151076133942597, 0.032005656603695316, 0.017672865912599183]","[0.32036444175246986, 0.6265756074357867, 0.352580631093708]","[0.026350812613120556, 0.03876453933483941, 0.024724049872395397]","[0.05447191683560629, 0, 0.04832423883032137]",0.05207990027742378,"[68.5761157405449, 48.5827941624651, 56.21667764340548]","[994.1134843787211, 469.4134657718339, 634.5996805313205]","[19800, 14200, 15800]","[2498, 1180, 1591]"
PD35933a,0.3813122488079967,0.1251836794569648,0.14791462733467867,0.6851240941583825,0.029242270219801858,0.028839644549148336,0.6413227808415555,"[0.5249646945651341, 0.1677814144241911, nan]","[0.021908214656085483, 0.3039283377398498, nan]","[0.32691407437868314, 0.7458095441769196, nan]","[0.05196549767697563, 0.240038002691501, nan]","[0.4750353054348674, 0.8322185855758089, nan]","[0.0219082146560852, 0.30392833773984973, nan]","[0.6730859256213167, 0.2541904558230804, nan]","[0.05196549767697595, 0.240038002691501, nan]","[0.09522010755045805, 0, nan]",nan,"[119.66417182156518, 2.096688866202698, 0.0]","[900.534234083747, 4.365030871772242, 0.0]","[27600, 400, 0]","[1807, 13, 0]"
PD35935a,0.43389336438853365,0.1969217277491413,0.10275296770805664,0.45065011228632074,0.1289862408888362,0.061458321838052554,0.35870572490243324,"[0.4429533977897245, 0.1318135815447475, 0.5137805757406074]","[0.20134912131983496, 0.011727407111276164, 0.1283611739224209]","[0.05573777959238298, 0.04347819028659945, 0.09993580468272725]","[0.020699618290968957, 0.016203307068252043, 0.030904108739355396]","[0.5570466022102759, 0.8681864184552528, 0.4862194242593935]","[0.20134912131983515, 0.011727407111276044, 0.12836117392242122]","[0.944262220407617, 0.9565218097134007, 0.9000641953172726]","[0.020699618290969016, 0.016203307068252272, 0.03090410873935532]","[0.03162148495418595, 0, 0.022898092290480374]",0.028652073097367507,"[20.028468050663452, 71.96915968615944, 8.459078108223977]","[413.0533791666488, 662.5190267624389, 210.54169661036477]","[7400, 18400, 2800]","[965, 1620, 498]"
PD35939a,0.4171239366501149,0.06159153796794037,0.0570334678838178,0.6316162220664909,0.03775451678582542,0.045710819553594795,0.5941740297440301,"[0.4258170534939872, 0.2688409433846017, 0.5032577086286679]","[0.02647880736235258, 0.0458165731805757, 0.020991269856331138]","[0.20448152144546008, 0.15458135174282975, 0.25869698467897606]","[0.01895872997937311, 0.015674664111664655, 0.021830008220587418]","[0.5741829465060134, 0.7311590566153982, 0.4967422913713325]","[0.02647880736235292, 0.04581657318057598, 0.020991269856331356]","[0.7955184785545396, 0.8454186482571706, 0.7413030153210245]","[0.018958729979373493, 0.015674664111664707, 0.02183000822058735]","[0.03155494335357009, 0, 0.03207836284518873]",0.03176591558098405,"[56.51517693234004, 53.319904878378466, 42.86689009809798]","[1293.4958355549254, 916.2614041020104, 896.621868981341]","[17800, 18400, 11800]","[2999, 2539, 2025]"
PD35941a,0.2816143938905786,0.24442673157898492,0.34565926858451307,0.9576412855785074,0.01681851326973849,0.013828712786727149,0.9544968075133374,"[0.8569152242533725, 0.5512778877746191, 0.8624159633259175]","[0.01969596406695704, 0.020992639521660354, 0.013788846992644415]","[0.8233632313975194, 0.4589500128773399, 0.817276520650853]","[0.02805758396875194, 0.06831725826378196, 0.025958224735055102]","[0.14308477574662795, 0.44872211222538083, 0.13758403667408256]","[0.01969596406695707, 0.02099263952166033, 0.013788846992644271]","[0.1766367686024804, 0.5410499871226601, 0.1827234793491469]","[0.028057583968752107, 0.06831725826378188, 0.025958224735055376]","[0.08250044920087658, 0, 0.10389270481249739]",0.09330929966506205,"[41.82919518509789, 28.320361199188074, 56.96460450672457]","[424.26354645253554, 154.69202597082221, 424.4827062124893]","[9400, 6600, 13200]","[845, 320, 863]"
PD35953a,0.3976790288636042,0.06868029430486272,0.0830874725332259,0.8076518472416225,0.03313306217443579,0.023876805066563533,0.7982853624695094,"[0.6263179236542205, 0.44900862921627505, 0.623512360630039]","[0.016613192621641182, 0.0334198908986045, 0.01639588824773573]","[0.45675605037689027, 0.3162596729511199, 0.4445563480926533]","[0.024303829726342496, 0.024109774578883723, 0.022796367023032692]","[0.37368207634577943, 0.5509913707837254, 0.37648763936996105]","[0.016613192621641213, 0.033419890898604844, 0.016395888247735673]","[0.5432439496231098, 0.6837403270488798, 0.5554436519073466]","[0.024303829726342638, 0.024109774578883896, 0.0227963670230327]","[0.04072389256963252, 0, 0.03456391226582649]",0.037392888464373504,"[81.31586818381777, 48.98405256400696, 84.01625985611136]","[1376.462425459241, 1014.55018709389, 1650.5144560655294]","[18800, 12600, 20000]","[2023, 1539, 2382]"
PD35955a,0.3835851692474743,0.08860052872436047,0.10389998662443617,0.8476736920871045,0.025034371479786044,0.023235298288924344,0.8093332390116116,"[0.6806167107026924, 0.46968950000194915, 0.6886820438535753]","[0.01635998999083343, 0.029685929005009284, 0.01413274719649755]","[0.5285863117676068, 0.3664703825748554, 0.5431704508315436]","[0.02810033044524753, 0.03207509571728006, 0.026379684606302793]","[0.31938328929730764, 0.5303104999980518, 0.31131795614642477]","[0.016359989990833324, 0.02968592900500925, 0.014132747196497248]","[0.4714136882323924, 0.6335296174251448, 0.4568295491684566]","[0.02810033044524773, 0.032075095717280455, 0.02637968460630228]","[0.06316184518437973, 0, 0.06289583227516166]",0.06307175374986308,"[139.23755918274213, 62.84712745197481, 71.3954436565627]","[1505.1678070470887, 754.0130700893066, 779.5552463436957]","[39000, 19800, 19400]","[3798, 2213, 1945]"
PD35957a,0.4775895062668353,0.11387307593702756,0.10202943708326306,0.8839826052368892,0.03251941306824335,0.02734886598821573,0.8476672333640795,"[0.7540236204839591, 0.7337664317603072, 0.8577511271158157]","[0.022624126383699903, 0.19640744599879623, 0.012298580217175123]","[0.587069598590099, 0.46084715836169027, 0.5813465749809957]","[0.03452141916899665, 0.17062949500396238, 0.033522399745221074]","[0.24597637951604193, 0.26623356823969274, 0.14224887288418459]","[0.02262412638369979, 0.19640744599879623, 0.01229858021717485]","[0.41293040140990117, 0.5391528416383098, 0.41865342501900427]","[0.034521419168995676, 0.1706294950039624, 0.03352239974522107]","[0.06866138417720165, 0, 0.04206613648725645]",0.06544807661569157,"[121.74363947996993, 4.720310133163271, 17.504006859695032]","[1064.15623218636, 83.35142346440806, 142.44680525451378]","[32600, 1800, 4800]","[3078, 276, 423]"
PD35958a,0.4585071140719238,0.11341657002803396,0.11561133884716529,0.8262311380389992,0.02341155786721394,0.023237699175744364,0.8282526959485407,"[0.8143832427253599, 0.3678091534280485, 0.6797755785708287]","[0.016907770197739716, 0.022428489029642378, 0.022130590822065196]","[0.5747002573706589, 0.45193097490315454, 0.5243456033844617]","[0.04484886326817622, 0.08988351503239786, 0.04323036685981323]","[0.18561675727464055, 0.6321908465719518, 0.3202244214291714]","[0.01690777019773977, 0.022428489029642385, 0.02213059082206522]","[0.42529974262934134, 0.5480690250968455, 0.4756543966155384]","[0.04484886326817609, 0.08988351503239793, 0.04323036685981321]","[0.05441037813096257, 0, 0.08588773074784249]",0.0770659444576895,"[30.800637949245637, 52.64053208274003, 81.9424721530249]","[249.7364737086227, 231.2806534040915, 649.3645534273662]","[7400, 12600, 19800]","[521, 749, 1338]"
PD35962a,0.02531097364692907,0.10418151134992053,0.1160646149146663,0.4092312440448118,0.042330199118741085,0.054644918933608067,0.3808896194234687,"[0.16186373112048946, 0.2335457902897282, 0.20335963780915356]","[0.016308417124047934, 0.025232815570130143, 0.018004982013399336]","[0.16395201659265246, 0.197232196682253, 0.2893473101751134]","[0.01536101029593091, 0.0288324944084698, 0.025893842426538326]","[0.8381362688795108, 0.7664542097102719, 0.7966403621908467]","[0.016308417124048034, 0.025232815570130268, 0.018004982013399146]","[0.8360479834073479, 0.8027678033177469, 0.7106526898248866]","[0.015361010295930656, 0.02883249440846983, 0.025893842426538364]","[0.0755781959486067, 0, 0.08515755313547325]",0.07720445891288868,"[53.6229282198603, 41.17782225900835, 11.68092725006856]","[715.9380302212749, 496.39451730189717, 154.65318739326392]","[13000, 11000, 2800]","[1428, 1112, 292]"
PD35979a,0.2618620848952128,0.16577752697905906,0.20732423180358694,0.8560798585623443,0.016726441545366844,0.017565589498683587,0.8610908576758441,"[0.677633517706908, 0.4237323699619857, 0.8241698688352863]","[0.019299963368967978, 0.01981503802524645, 0.009108965610744386]","[0.6161305757763357, 0.35400576479210044, 0.6825002905551597]","[0.044456690928598816, 0.04015644541840286, 0.03769386007063913]","[0.3223664822930924, 0.5762676300380148, 0.1758301311647145]","[0.019299963368968057, 0.019815038025246496, 0.009108965610744512]","[0.38386942422366443, 0.6459942352078994, 0.31749970944484057]","[0.04445669092859878, 0.04015644541840308, 0.037693860070639164]","[0.11953705480569181, 0, 0.09241613529808028]",0.11016406502386125,"[79.9914396816693, 38.64025403678969, 47.025804301437944]","[572.824575709405, 328.30673664198264, 287.3747875585814]","[17800, 8200, 11000]","[1227, 671, 648]"
PD35985a,0.20940100565731803,0.11551114089115919,0.16232207373487495,0.7756441353275233,0.037237089082563846,0.039826530196525156,0.7594946729342061,"[0.530685758489959, 0.3544429553136861, 0.6710916513727588]","[0.02574387524537343, 0.022733256908358226, 0.02443633610044673]","[0.5196191189684156, 0.32561897185832966, 0.5611228848208847]","[0.028489918404830117, 0.023991864587159493, 0.02655349055945055]","[0.46931424151004153, 0.645557044686314, 0.3289083486272415]","[0.02574387524537341, 0.022733256908357962, 0.024436336100446578]","[0.4803808810315846, 0.6743810281416707, 0.4388771151791152]","[0.028489918404829926, 0.023991864587159076, 0.026553490559450537]","[0.05560875554818188, 0, 0.046341709536893066]",0.05001089526725107,"[34.25556938673619, 79.23339142489982, 56.030557018668624]","[606.018963050709, 1218.177987599846, 911.6655807538648]","[9000, 22000, 14800]","[1248, 2818, 1904]"
PD35987a,0.31131417908536646,0.09611003664069301,0.11690275203440012,0.7083213409202109,0.04325860551017646,0.03904116668352742,0.6591108232671283,"[0.46065755448685153, 0.3438592238809984, 0.6070071866237295]","[0.027363181604789236, 0.03350331147934343, 0.02291266587869091]","[0.3455848113152334, 0.21585858543242079, 0.37705965408430303]","[0.02837395968361693, 0.020794531554080977, 0.026885023656394894]","[0.5393424455131488, 0.6561407761190025, 0.3929928133762708]","[0.027363181604788615, 0.03350331147934363, 0.02291266587869085]","[0.6544151886847668, 0.784141414567579, 0.6229403459156967]","[0.028373959683617004, 0.020794531554081046, 0.026885023656394884]","[0.056268777645456326, 0, 0.042436391331550125]",0.0504632265765024,"[78.84659307307459, 53.509023331621954, 56.530570860280875]","[1162.4840705591043, 1090.2200131337115, 845.5721772397387]","[22400, 15400, 15000]","[2338, 1917, 1691]"
PD35990a,0.5279803106403593,0.23176412611187514,0.21272031007828318,0.8772020895961549,0.03291080781716704,0.030145233708659736,0.8593049534578897,"[0.8405171156158114, 0.40592093406989044, 0.7854667199289735]","[0.027128167107032888, 0.019184393382536642, 0.03800951719518646]","[0.609854744359202, 0.30312870047454654, 0.6297881601917902]","[0.06617553805262953, 0.03933106546460337, 0.058337221805501986]","[0.1594828843841886, 0.5940790659301102, 0.2145332800710268]","[0.027128167107033026, 0.019184393382536708, 0.03800951719518664]","[0.39014525564079816, 0.6968712995254535, 0.3702118398082099]","[0.06617553805262961, 0.03933106546460304, 0.0583372218055021]","[0.050544463178231566, 0, 0.08585182640230361]",0.07144699553348395,"[25.58717523314459, 72.01417238234009, 45.18433992893149]","[216.43714069154427, 529.2226672487055, 318.1966143111344]","[6200, 17400, 11600]","[603, 1199, 875]"
PD35992a,0.5115039570407826,0.08685177354410833,0.10118243430374985,0.9168386206552777,0.022554898136882384,0.017596520732238052,0.9032765107828021,"[0.8373373251410672, 0.4675402304095631, 0.7808219980411424]","[0.016906792786120485, 0.022489449011342578, 0.019464330080833685]","[0.67716461951223, 0.3181632962797842, 0.6351565145756277]","[0.025014103801458368, 0.017560547738674947, 0.02540603376102913]","[0.16266267485893302, 0.5324597695904376, 0.21917800195885825]","[0.016906792786120447, 0.022489449011342855, 0.019464330080833758]","[0.3228353804877699, 0.6818367037202158, 0.3648434854243721]","[0.025014103801458337, 0.017560547738675426, 0.025406033761029265]","[0.0459968576728086, 0, 0.0464875819437394]",0.04623707854965515,"[61.552992454912655, 46.98356072583251, 49.147906136702844]","[678.5286947310927, 631.3397632666881, 639.0097303853732]","[15200, 11800, 12200]","[1413, 1247, 1355]"
PD36000a,0.5489471828774766,0.09666553980591508,0.08944148301604021,0.8897644795560226,0.023257456205026394,0.01692158003433064,0.8531905467940853,"[0.8057484489154365, 0.42811531770592, 0.753906978307639]","[0.019906021629513264, 0.013592760207985445, 0.022313236511226717]","[0.5810946533541975, 0.3956051712219312, 0.6085870110535186]","[0.03932136186977411, 0.047982838938573386, 0.036491231510064004]","[0.19425155108456366, 0.5718846822940806, 0.24609302169236125]","[0.01990602162951379, 0.013592760207985576, 0.022313236511227432]","[0.41890534664580187, 0.6043948287780685, 0.39141298894648074]","[0.03932136186977445, 0.04798283893857301, 0.036491231510064275]","[0.062472687755984156, 0, 0.07666772485939874]",0.06934656973641046,"[111.13054292151655, 146.12558366665476, 95.46444502550875]","[832.835519338139, 700.7857043304007, 790.5839589382877]","[25400, 33000, 22600]","[1866, 1907, 1752]"
PD36006a,0.7346476930059915,0.1667529713169973,0.10423477190237151,0.97973298194835,0.04175551446085546,0.02917340672054536,0.9474963846731513,"[0.8777392961248301, 0.547812680962884, 0.829642081661375]","[0.03538003279763396, 0.032870076131101295, 0.035679992379732614]","[0.638574609493251, 0.49081387665491244, 0.5864831639009995]","[0.033241181601850314, 0.06234628363420391, 0.032151814544144355]","[0.12226070387516991, 0.45218731903711684, 0.1703579183386254]","[0.03538003279763403, 0.03287007613110151, 0.035679992379732704]","[0.3614253905067488, 0.5091861233450875, 0.41351683609900036]","[0.033241181601850196, 0.062346283634204074, 0.032151814544144376]","[0.026195446588510626, 0, 0.03295925893427392]",0.028952435316403277,"[43.347775238357315, 47.620977811103884, 31.814175202125654]","[568.1716817958549, 345.2252444669323, 402.6656610314034]","[10800, 11600, 7600]","[1090, 808, 750]"
PD36013a,0.4217294477630662,0.11043097992483786,0.10510021023096566,0.6875127471791823,0.05056904106690152,0.0535550804014403,0.6308686045611769,"[0.5076197510479241, 0.31325599354887074, 0.34898347613700154]","[0.05159403792733907, 0.024837426791821687, 0.05077400404379169]","[0.2564854812589825, 0.15940120511298228, 0.280678397713167]","[0.034264256484061395, 0.0201739268943507, 0.03287566315228023]","[0.49238024895207616, 0.6867440064511302, 0.6510165238629989]","[0.05159403792733952, 0.024837426791821677, 0.05077400404379163]","[0.743514518741017, 0.8405987948870177, 0.7193216022868331]","[0.03426425648406154, 0.020173926894349506, 0.032875663152280216]","[0.03168309656682049, 0, 0.042670633792031454]",0.0334303750456817,"[65.2301735048351, 79.25811139165849, 12.17444567287122]","[1374.014814756994, 1755.5871305041824, 260.34418535120744]","[18200, 21800, 3400]","[2274, 2877, 430]"
PD36017a,0.35119410178766414,0.1739698689266042,0.19716366790026318,0.9288248081684128,0.028638070326949205,0.022582149976490773,0.9059271381822599,"[0.7914333102653702, 0.5202081646197079, 0.754702146256109]","[0.020406481655865782, 0.02322450746816615, 0.018672479796500337]","[0.693736641919534, 0.4302485480158708, 0.6853965425128409]","[0.02933028055055789, 0.03533807755376483, 0.02712603327681051]","[0.2085666897346302, 0.47979183538029274, 0.24529785374389104]","[0.020406481655865855, 0.02322450746816587, 0.018672479796500278]","[0.30626335808046595, 0.5697514519841288, 0.31460345748715923]","[0.029330280550557752, 0.0353380775537646, 0.027126033276810093]","[0.06544658096413494, 0, 0.08123094239667321]",0.0741796599587191,"[64.64440031003043, 83.11401604034188, 86.10942918419441]","[682.5526878095214, 743.5902002007801, 837.1374833366109]","[16600, 21400, 22400]","[1610, 1846, 1994]"
PD36024a,0.5306958068737564,0.3894192569711151,0.23145989432047814,0.9871428969607059,0.04960962328296481,0.03951055802098613,0.9343019670981385,"[0.8935121050251066, 0.5546230286552644, 0.8444157072446599]","[0.03325172449340537, 0.04775903729720438, 0.04347796006483278]","[0.756188681594528, 0.48291036718098257, 0.7625200865966341]","[0.028297448495808293, 0.044447395110443474, 0.02536586662989436]","[0.1064878949748937, 0.44537697134473575, 0.1555842927553404]","[0.03325172449340546, 0.04775903729720469, 0.04347796006483285]","[0.24381131840547185, 0.5170896328190174, 0.2374799134033658]","[0.02829744849580815, 0.0444473951104433, 0.025365866629894714]","[0.026963005587245892, 0, 0.03771082588883725]",0.032386274269851405,"[53.25070283028297, 66.91488100203901, 50.33120874357873]","[869.8726022550978, 1039.9246270507947, 885.2536178601852]","[15200, 20600, 15200]","[1726, 2393, 1758]"
PD36026a,0.43941868195860223,0.08721007376121381,0.09076076441473363,0.7586670489320665,0.03218720894470928,0.03208144843615346,0.7427778926669079,"[0.5471458694276163, 0.3473047682253069, 0.6145352286829471]","[0.0382022811965791, 0.017102892411514695, 0.03126201689621929]","[0.3572860556991333, 0.23218038078408235, 0.38185307987081657]","[0.02790615618291737, 0.021733020085070345, 0.026050537207835938]","[0.45285413057238416, 0.6526952317746936, 0.3854647713170533]","[0.0382022811965792, 0.017102892411514893, 0.03126201689621914]","[0.6427139443008666, 0.7678196192159175, 0.6181469201291833]","[0.027906156182917224, 0.021733020085070578, 0.02605053720783611]","[0.05417478235709046, 0, 0.0510344169077114]",0.052048509730407616,"[27.283866143532236, 50.43228625312051, 60.360355547414905]","[357.26890643708845, 620.8902836152848, 742.1723627879657]","[6800, 11800, 15000]","[641, 1172, 1344]"
PD36038a,0.2733635377437444,0.07782824914711312,0.08342506682943354,0.5557069277387818,0.03089651047075781,0.035685215203637544,0.5652078052658335,"[0.3159489845861064, 0.2518341995761415, 0.36046187467793855]","[0.019672804547927594, 0.013928824481454133, 0.026369305216258618]","[0.20857826035916616, 0.1396516759431591, 0.2598620538388]","[0.028405217983846726, 0.017611867410252818, 0.03279257155095938]","[0.684051015413894, 0.748165800423859, 0.6395381253220617]","[0.01967280454792768, 0.013928824481454117, 0.026369305216258607]","[0.7914217396408341, 0.8603483240568411, 0.7401379461612001]","[0.02840521798384683, 0.017611867410252443, 0.03279257155095931]","[0.07141497298979389, 0, 0.05117821183207615]",0.06819736332406474,"[68.47250547259567, 95.09680582753359, 8.948332726277712]","[836.4604063140156, 1107.5775458976789, 152.49967104143911]","[16000, 21600, 2000]","[1444, 1843, 273]"
PD36039a,0.3764129109680711,0.111162082459828,0.08474952315463347,0.5954146872320433,0.04535156605023194,0.045974290883542435,0.5438068107875412,"[0.431990755303147, 0.24745180556979796, 0.3954610359092966]","[0.034981431124677866, 0.019471812374223203, 0.030888477824500608]","[0.20664946502992088, 0.1377139914150275, 0.21109955467382122]","[0.034125238542810764, 0.025059155615709924, 0.03252854013157412]","[0.5680092446968535, 0.7525481944302029, 0.6045389640907038]","[0.03498143112467775, 0.019471812374222765, 0.030888477824500667]","[0.7933505349700792, 0.8622860085849724, 0.788900445326179]","[0.03412523854281075, 0.025059155615709778, 0.03252854013157418]","[0.05644127855911432, 0, 0.08341296494908516]",0.065094346677259,"[57.71744612042175, 68.7319169510626, 37.10042818884056]","[738.3899751264065, 694.5262570308385, 343.759157710063]","[15800, 17200, 10400]","[1755, 1576, 829]"
PD36054a,0.26451233394404916,0.5635377592102279,2.5628364973707463,0.9003659926561602,0.010883642695441731,0.011182062831298745,0.910065947944034,"[0.7895108705123015, 0.46612857434622124, 0.7662330643150252]","[0.01063559264455427, 0.011427927408181677, 0.008808393030794726]","[0.5930645931304755, 0.3987546203763538, 0.5446455208106852]","[0.278424168000104, 0.1997611932661678, 0.23331188465773833]","[0.2104891294876987, 0.5338714256537788, 0.23376693568497472]","[0.010635592644554288, 0.011427927408181729, 0.008808393030794823]","[0.40693540686952434, 0.6012453796236463, 0.45535447918931476]","[0.2784241680001041, 0.1997611932661678, 0.23331188465773836]","[0.8733310674230877, 0, 0.5962451377441162]",0.7413231480948985,"[79.27103224411368, 68.93033516956203, 64.97095510207805]","[84.94183850069763, 75.83786542116046, 87.59005346440928]","[17000, 14000, 13200]","[444, 302, 404]"
PD36067a,0.36172009630774665,0.2245023643080553,0.21465163177968155,0.769867923249584,0.021441447442099748,0.026718789709257673,0.785404536964443,"[0.5344195570039304, 0.3781812275684433, 0.4729101237750616]","[0.01466090160729687, 0.011655707385918765, 0.014068009352706889]","[0.35326425766784797, 0.21683456015212088, 0.3191887308848175]","[0.09985997768138571, 0.04692220510960568, 0.07478117590956256]","[0.4655804429960698, 0.6218187724315573, 0.5270898762249384]","[0.014660901607296937, 0.011655707385918826, 0.014068009352706804]","[0.646735742332152, 0.783165439847879, 0.6808112691151825]","[0.09985997768138567, 0.04692220510960569, 0.07478117590956261]","[0.22019372476608176, 0, 0.16973382604362502]",0.1996244803361148,"[53.01692476942967, 110.34453196610289, 27.800348378366657]","[181.41866308849083, 516.0516888388287, 131.73371369149797]","[11800, 24200, 5800]","[481, 1191, 331]"
