cell,no_total_unf_mutations,no_discarded_mutations_BULKCOV20,perc_of_disc_muts
BTE1_sc001,187,11,0.058823529411764705
BTE1_sc002,389,49,0.12596401028277635
BTE1_sc004,105,7,0.06666666666666667
BTE1_sc005,215,22,0.10232558139534884
BTE1_sc008,254,22,0.08661417322834646
BTE1_sc009,165,13,0.07878787878787878
BTE1_sc010,307,19,0.06188925081433225
BTE1_sc011,87,8,0.09195402298850575
BTE1_sc012,286,29,0.10139860139860139
BTE1_sc013,107,7,0.06542056074766354
BTE1_sc014,222,11,0.04954954954954955
BTE1_sc015,219,20,0.091324200913242
BTE1_sc016,131,8,0.061068702290076333
BTE1_sc017,208,18,0.08653846153846154
BTE1_sc018,258,26,0.10077519379844961
BTE1_sc020,165,20,0.12121212121212122
BTE1_sc021,167,18,0.10778443113772455
BTE1_sc022,194,16,0.08247422680412371
BTE1_sc023,139,13,0.09352517985611511
BTE1_sc024,131,6,0.04580152671755725
BTE2_sc001,58,20,0.3448275862068966
BTE2_sc002,91,22,0.24175824175824176
BTE2_sc003,27,8,0.2962962962962963
BTE2_sc004,41,15,0.36585365853658536
BTE2_sc005,40,8,0.2
BTE2_sc006,25,9,0.36
BTE2_sc007,42,12,0.2857142857142857
BTE2_sc008,40,10,0.25
BTE2_sc009,39,14,0.358974358974359
BTE2_sc010,44,20,0.45454545454545453
BTE2_sc011,42,18,0.42857142857142855
BTE2_sc012,74,26,0.35135135135135137
BTE2_sc013,41,15,0.36585365853658536
BTE2_sc014,45,22,0.4888888888888889
BTE2_sc015,34,15,0.4411764705882353
BTE2_sc017,49,17,0.3469387755102041
BTE2_sc018,60,25,0.4166666666666667
BTE2_sc019,38,12,0.3157894736842105
BTE2_sc020,24,9,0.375
BTE2_sc021,27,16,0.5925925925925926
BTE2_sc022,27,11,0.4074074074074074
BTE2_sc023,51,16,0.3137254901960784
BTE2_sc024,41,12,0.2926829268292683
BTE2_sc025,46,17,0.3695652173913043
BTE2_sc027,28,15,0.5357142857142857
BTE2_sc101,128,48,0.375
BTE2_sc103,107,35,0.32710280373831774
BTE2_sc104,96,46,0.4791666666666667
BTE2_sc105,257,80,0.311284046692607
BTE2_sc106,352,93,0.26420454545454547
BTE2_sc107,117,51,0.4358974358974359
BTE2_sc108,191,73,0.38219895287958117
BTE2_sc109,81,32,0.3950617283950617
BTE2_sc110,110,46,0.41818181818181815
BTE2_sc111,153,52,0.33986928104575165
BTE2_sc112,66,25,0.3787878787878788
BTE2_sc114,73,35,0.4794520547945205
BTE2_sc115,93,20,0.21505376344086022
BTE3_sc1,168,13,0.07738095238095238
BTE3_sc2,160,15,0.09375
BTE3_sc3,201,13,0.06467661691542288
BTE3_sc4,97,7,0.07216494845360824
BTE3_sc5,95,7,0.07368421052631578
BTE3_sc6,231,24,0.1038961038961039
BTE3_sc7,161,5,0.031055900621118012
BTE3_sc8,136,14,0.10294117647058823
BTE3_sc9,214,16,0.07476635514018691
BTE3_sc10,123,6,0.04878048780487805
BTE3_sc11,205,16,0.07804878048780488
BTE3_sc12,105,8,0.0761904761904762
BTE3_sc13,84,11,0.13095238095238096
BTE3_sc14,135,7,0.05185185185185185
BTE3_sc15,221,16,0.07239819004524888
BTE3_sc16,135,7,0.05185185185185185
BTE3_sc17,128,10,0.078125
BTE3_sc18,158,9,0.056962025316455694
BTE3_sc19,131,7,0.05343511450381679
BTE3_sc20,153,6,0.0392156862745098
BTE3_sc21,247,22,0.08906882591093117
BTE3_sc22,181,7,0.03867403314917127
BTE3_sc23,151,13,0.08609271523178808
BTE3_sc24,242,15,0.06198347107438017
BTE3_sc25,276,26,0.09420289855072464
BTE3_sc26,192,11,0.057291666666666664
BTE3_sc27,290,23,0.07931034482758621
BTE3_sc28,268,17,0.06343283582089553
BTE3_sc29,196,16,0.08163265306122448
BTE3_sc30,222,18,0.08108108108108109
BTE3_sc31,128,8,0.0625
BTE3_sc32,175,8,0.045714285714285714
BTE3_sc33,218,22,0.10091743119266056
BTE3_sc34,248,13,0.05241935483870968
BTE3_sc35,209,19,0.09090909090909091
BTE3_sc36,173,14,0.08092485549132948
BTE3_sc37,246,19,0.07723577235772358
BTE3_sc38,250,19,0.076
BTE3_sc39,255,11,0.043137254901960784
BTE3_sc40,159,7,0.0440251572327044
BTE3_sc41,243,18,0.07407407407407407
BTE3_sc42,228,17,0.07456140350877193
BTE3_sc43,186,11,0.05913978494623656
BTE3_sc44,184,13,0.07065217391304347
BTE3_sc45,213,18,0.08450704225352113
BTE3_sc46,243,23,0.09465020576131687
BTE3_sc47,260,21,0.08076923076923077
BTE3_sc48,193,10,0.05181347150259067
BTE3_sc49,43,0,0.0
BTE3_sc50,52,3,0.057692307692307696
BTE3_sc51,50,4,0.08
BTE3_sc52,46,5,0.10869565217391304
BTE3_sc53,62,7,0.11290322580645161
BTE3_sc54,87,14,0.16091954022988506
BTE3_sc55,128,9,0.0703125
BTE3_sc56,74,8,0.10810810810810811
BTE3_sc57,95,5,0.05263157894736842
BTE3_sc58,80,3,0.0375
BTE3_sc59,60,1,0.016666666666666666
BTE3_sc60,48,2,0.041666666666666664
BTE3_sc61,66,4,0.06060606060606061
BTE3_sc62,50,3,0.06
BTE3_sc63,245,18,0.07346938775510205
BTE3_sc64,58,7,0.1206896551724138
BTE3_sc65,39,6,0.15384615384615385
BTE3_sc66,51,3,0.058823529411764705
BTE3_sc67,66,8,0.12121212121212122
BTE3_sc68,39,2,0.05128205128205128
BTE3_sc69,106,11,0.10377358490566038
BTE3_sc70,75,7,0.09333333333333334
BTE3_sc71,36,3,0.08333333333333333
BTE3_sc72,52,6,0.11538461538461539
BTE3_sc73,76,6,0.07894736842105263
BTE3_sc74,86,6,0.06976744186046512
BTE3_sc75,90,16,0.17777777777777778
BTE3_sc76,72,6,0.08333333333333333
BTE3_sc77,48,1,0.020833333333333332
BTE3_sc78,61,7,0.11475409836065574
BTE3_sc79,62,6,0.0967741935483871
BTE3_sc80,47,4,0.0851063829787234
BTE3_sc81,47,4,0.0851063829787234
BTE3_sc82,68,5,0.07352941176470588
BTE3_sc83,96,9,0.09375
BTE3_sc84,71,7,0.09859154929577464
BTE4_sc001,645,105,0.16279069767441862
BTE4_sc002,617,109,0.1766612641815235
BTE4_sc003,231,18,0.07792207792207792
BTE4_sc004,506,83,0.16403162055335968
BTE4_sc006,564,86,0.1524822695035461
BTE4_sc009,502,75,0.14940239043824702
BTE4_sc010,655,105,0.16030534351145037
BTE4_sc011,407,59,0.14496314496314497
BTE4_sc012,481,71,0.14760914760914762
BTE4_sc013,514,73,0.14202334630350194
BTE4_sc014,427,80,0.1873536299765808
BTE4_sc015,504,79,0.15674603174603174
BTE4_sc016,484,78,0.16115702479338842
BTE4_sc018,575,75,0.13043478260869565
BTE4_sc019,535,68,0.12710280373831775
BTE4_sc020,580,93,0.16034482758620688
BTE4_sc021,573,81,0.14136125654450263
BTE4_sc022,522,90,0.1724137931034483
BTE4_sc023,434,84,0.1935483870967742
BTE4_sc024,480,69,0.14375
BTE4_sc025,338,42,0.1242603550295858
BTE4_sc027,603,90,0.14925373134328357
BTE4_sc029,396,60,0.15151515151515152
BTE4_sc030,647,97,0.14992272024729522
BTE4_sc031,584,85,0.14554794520547945
BTE4_sc034,342,30,0.08771929824561403
BTE4_sc035,609,85,0.13957307060755336
BTE4_sc037,621,89,0.143317230273752
BTE4_sc043,522,92,0.17624521072796934
BTE4_sc044,586,90,0.15358361774744028
BTE4_sc045,288,44,0.1527777777777778
BTE4_sc046,515,65,0.1262135922330097
BTE4_sc047,610,76,0.12459016393442623
BTE4_sc050,573,84,0.14659685863874344
BTE4_sc051,600,87,0.145
BTE4_sc052,381,63,0.16535433070866143
BTE4_sc054,652,92,0.1411042944785276
BTE4_sc055,527,79,0.14990512333965844
BTE4_sc058,518,66,0.1274131274131274
BTE4_sc059,511,66,0.12915851272015655
BTE4_sc061,617,97,0.15721231766612642
BTE4_sc062,916,116,0.12663755458515283
BTE4_sc063,734,109,0.14850136239782016
BTE4_sc064,646,115,0.1780185758513932
BTE4_sc065,532,91,0.17105263157894737
BTE4_sc066,642,108,0.16822429906542055
BTE4_sc201,76,15,0.19736842105263158
BTE4_sc203,154,26,0.16883116883116883
BTE4_sc205,76,14,0.18421052631578946
BTE5_sc001,183,21,0.11475409836065574
BTE5_sc002,425,63,0.14823529411764705
BTE5_sc003,211,35,0.16587677725118483
BTE5_sc004,226,35,0.15486725663716813
BTE5_sc005,211,33,0.15639810426540285
BTE5_sc007,243,33,0.13580246913580246
BTE5_sc008,376,72,0.19148936170212766
BTE5_sc009,191,33,0.17277486910994763
BTE5_sc010,218,29,0.13302752293577982
BTE5_sc011,191,39,0.20418848167539266
BTE5_sc012,189,31,0.164021164021164
BTE5_sc014,209,40,0.19138755980861244
BTE5_sc015,154,14,0.09090909090909091
BTE5_sc016,53,5,0.09433962264150944
BTE5_sc017,211,30,0.14218009478672985
BTE5_sc019,441,55,0.12471655328798185
BTE5_sc020,102,13,0.12745098039215685
BTE5_sc021,136,22,0.16176470588235295
BTE5_sc022,253,38,0.15019762845849802
BTE5_sc023,151,19,0.12582781456953643
BTE5_sc024,145,7,0.04827586206896552
BTE6_sc001,33,2,0.06060606060606061
BTE6_sc002,152,42,0.27631578947368424
BTE6_sc003,142,37,0.2605633802816901
BTE6_sc004,151,40,0.26490066225165565
BTE6_sc005,166,40,0.24096385542168675
BTE6_sc006,126,32,0.25396825396825395
BTE6_sc007,186,40,0.21505376344086022
BTE6_sc009,153,30,0.19607843137254902
BTE6_sc010,169,43,0.25443786982248523
BTE6_sc011,204,64,0.3137254901960784
BTE6_sc014,199,48,0.24120603015075376
BTE6_sc015,148,30,0.20270270270270271
BTE6_sc016,133,20,0.15037593984962405
BTE6_sc017,104,15,0.14423076923076922
BTE6_sc018,126,41,0.3253968253968254
BTE6_sc019,117,23,0.19658119658119658
BTE6_sc020,148,28,0.1891891891891892
BTE6_sc022,55,10,0.18181818181818182
BTE6_sc023,41,9,0.21951219512195122
BTE6_sc024,51,4,0.0784313725490196
BTE7_sc301,82,44,0.5365853658536586
BTE7_sc304,141,65,0.46099290780141844
BTE7_sc305,45,24,0.5333333333333333
BTE7_sc306,93,43,0.46236559139784944
BTE7_sc307,43,26,0.6046511627906976
BTE7_sc308,186,81,0.43548387096774194
BTE7_sc309,133,60,0.45112781954887216
BTE7_sc310,87,33,0.3793103448275862
BTE7_sc311,39,18,0.46153846153846156
BTE7_sc312,48,23,0.4791666666666667
BTE7_sc313,27,6,0.2222222222222222
BTE7_sc314,48,25,0.5208333333333334
BTE7_sc315,98,49,0.5
BTE7_sc316,169,75,0.4437869822485207
BTE7_sc317,52,30,0.5769230769230769
BTE7_sc318,127,42,0.33070866141732286
BTE7_sc320,57,34,0.5964912280701754
BTE7_sc321,78,30,0.38461538461538464
BTE7_sc322,66,36,0.5454545454545454
BTE7_sc323,42,24,0.5714285714285714
BTE7_sc324,50,29,0.58
BTH1_sc301,238,35,0.14705882352941177
BTH1_sc303,192,37,0.19270833333333334
BTH1_sc304,339,53,0.15634218289085547
BTH1_sc305,168,33,0.19642857142857142
BTH1_sc306,358,56,0.1564245810055866
BTH1_sc307,225,32,0.14222222222222222
BTH1_sc308,222,33,0.14864864864864866
BTH1_sc309,216,32,0.14814814814814814
BTH1_sc310,237,47,0.19831223628691982
BTH1_sc311,146,20,0.136986301369863
BTH1_sc312,348,47,0.13505747126436782
BTH1_sc313,347,48,0.138328530259366
BTH1_sc314,199,31,0.15577889447236182
BTH1_sc315,208,44,0.21153846153846154
BTH1_sc316,231,27,0.11688311688311688
BTH1_sc317,172,33,0.19186046511627908
BTH1_sc318,211,28,0.13270142180094788
BTH1_sc319,193,32,0.16580310880829016
BTH1_sc320,179,26,0.1452513966480447
BTH1_sc321,240,34,0.14166666666666666
BTH1_sc322,89,14,0.15730337078651685
BTH1_sc323,251,57,0.22709163346613545
BTH1_sc324,194,25,0.12886597938144329
BTH2_sc001,208,21,0.10096153846153846
BTH2_sc002,510,59,0.11568627450980393
BTH2_sc003,710,69,0.09718309859154929
BTH2_sc005,422,52,0.12322274881516587
BTH2_sc006,616,72,0.11688311688311688
BTH2_sc007,418,50,0.11961722488038277
BTH2_sc008,511,60,0.11741682974559686
BTH2_sc009,487,65,0.13347022587268995
BTH2_sc010,405,40,0.09876543209876543
BTH2_sc011,314,27,0.08598726114649681
BTH2_sc012,476,43,0.09033613445378151
BTH2_sc201,301,26,0.08637873754152824
BTH2_sc202,105,12,0.11428571428571428
BTH2_sc203,267,35,0.13108614232209737
BTH2_sc204,132,18,0.13636363636363635
BTH2_sc205,164,18,0.10975609756097561
BTH2_sc206,126,13,0.10317460317460317
BTH2_sc207,87,11,0.12643678160919541
BTH2_sc208,243,35,0.1440329218106996
BTH2_sc209,213,25,0.11737089201877934
BTH2_sc210,161,10,0.062111801242236024
BTH2_sc211,108,10,0.09259259259259259
BTH2_sc212,129,23,0.17829457364341086
BTH3_sc001,123,16,0.13008130081300814
BTH3_sc002,110,9,0.08181818181818182
BTH3_sc003,104,10,0.09615384615384616
BTH3_sc006,135,15,0.1111111111111111
BTH3_sc007,122,20,0.16393442622950818
BTH3_sc008,119,14,0.11764705882352941
BTH3_sc009,101,17,0.16831683168316833
BTH3_sc011,80,10,0.125
BTH3_sc013,133,19,0.14285714285714285
BTH3_sc014,188,28,0.14893617021276595
BTH3_sc015,137,19,0.1386861313868613
BTH3_sc017,165,24,0.14545454545454545
BTH3_sc018,186,32,0.17204301075268819
BTH3_sc019,105,14,0.13333333333333333
BTH3_sc020,113,18,0.1592920353982301
BTH3_sc021,138,21,0.15217391304347827
BTH3_sc022,151,26,0.17218543046357615
BTH3_sc023,69,9,0.13043478260869565
BTH4_sc001,170,72,0.4235294117647059
BTH4_sc002,1675,698,0.4167164179104478
BTH4_sc003,1644,653,0.39720194647201945
BTH4_sc004,1501,591,0.3937375083277815
BTH4_sc005,250,95,0.38
BTH4_sc006,1234,495,0.4011345218800648
BTH4_sc007,1546,638,0.4126778783958603
BTH4_sc008,1539,602,0.39116309291747886
BTH4_sc009,1977,763,0.3859382903388973
BTH4_sc010,1336,552,0.41317365269461076
BTH4_sc011,1232,486,0.3944805194805195
BTH4_sc012,125,56,0.448
BTH4_sc013,1560,631,0.4044871794871795
BTH4_sc014,1208,515,0.42632450331125826
BTH4_sc015,992,403,0.40625
BTH4_sc016,1615,646,0.4
BTH4_sc019,568,224,0.39436619718309857
BTH4_sc020,1357,552,0.4067796610169492
BTH4_sc021,1392,581,0.41738505747126436
BTH4_sc022,1304,537,0.41180981595092025
BTH4_sc023,1305,509,0.39003831417624524
BTH4_sc024,1314,522,0.3972602739726027
BTH4_sc025,568,236,0.4154929577464789
BTH4_sc026,949,365,0.38461538461538464
BTH4_sc027,606,247,0.4075907590759076
BTH4_sc028,60,31,0.5166666666666667
BTH4_sc029,775,263,0.3393548387096774
BTH4_sc030,712,280,0.39325842696629215
BTH4_sc031,914,353,0.3862144420131291
BTH4_sc032,958,364,0.37995824634655534
BTH4_sc033,509,198,0.3889980353634578
BTH4_sc034,795,318,0.4
BTH4_sc035,912,345,0.3782894736842105
BTH4_sc038,705,288,0.4085106382978723
BTH4_sc039,713,299,0.41935483870967744
BTH4_sc041,607,256,0.42174629324546953
BTH4_sc042,929,326,0.35091496232508074
BTH4_sc043,836,345,0.4126794258373206
BTH4_sc044,877,319,0.3637400228050171
BTH4_sc045,631,236,0.37400950871632327
BTH4_sc046,84,28,0.3333333333333333
BTH4_sc047,654,249,0.38073394495412843
BTH4_sc048,1065,417,0.39154929577464787
BTH4_sc049,1891,715,0.37810682178741406
BTH4_sc051,2075,832,0.4009638554216867
BTH4_sc053,1882,716,0.3804463336875664
BTH4_sc054,141,66,0.46808510638297873
BTH4_sc055,1663,643,0.3866506313890559
BTH4_sc056,2121,836,0.3941537010843942
BTH4_sc057,112,39,0.3482142857142857
BTH4_sc058,267,114,0.42696629213483145
BTH4_sc059,1846,714,0.38678223185265437
BTH4_sc061,2193,823,0.3752849977200182
BTH4_sc062,2021,762,0.3770410687778328
BTH4_sc063,2713,1005,0.3704386288241799
BTH4_sc064,1325,524,0.39547169811320754
BTH4_sc065,2046,787,0.38465298142717497
BTH4_sc066,1548,597,0.3856589147286822
BTH4_sc202,122,65,0.5327868852459017
BTH4_sc204,44,18,0.4090909090909091
BTH4_sc205,140,52,0.37142857142857144
BTH4_sc206,50,13,0.26
BTH5_sc002,395,106,0.2683544303797468
BTH5_sc004,432,132,0.3055555555555556
BTH5_sc005,369,107,0.2899728997289973
BTH5_sc006,505,125,0.24752475247524752
BTH5_sc007,1025,242,0.23609756097560974
BTH5_sc011,475,154,0.32421052631578945
BTH5_sc012,568,163,0.2869718309859155
BTH5_sc015,481,137,0.28482328482328484
BTH5_sc016,447,127,0.2841163310961969
BTH5_sc018,438,108,0.2465753424657534
BTH5_sc020,229,62,0.27074235807860264
BTH5_sc021,507,144,0.28402366863905326
BTH5_sc024,497,140,0.28169014084507044
BTH6_sc001,720,109,0.15138888888888888
BTH6_sc002,476,60,0.12605042016806722
BTH6_sc003,860,134,0.1558139534883721
BTH6_sc004,774,126,0.16279069767441862
BTH6_sc005,900,135,0.15
BTH6_sc006,416,58,0.13942307692307693
BTH6_sc007,277,45,0.1624548736462094
BTH6_sc008,628,75,0.11942675159235669
BTH6_sc009,636,91,0.1430817610062893
BTH6_sc010,502,61,0.12151394422310757
BTH6_sc011,147,20,0.1360544217687075
BTH6_sc012,83,2,0.024096385542168676
BTH6_sc013,872,138,0.15825688073394495
BTH6_sc014,696,107,0.15373563218390804
BTH6_sc015,688,98,0.14244186046511628
BTH6_sc016,1205,187,0.15518672199170125
BTH6_sc017,689,102,0.14804063860667635
BTH6_sc019,912,132,0.14473684210526316
BTH6_sc020,551,78,0.14156079854809436
BTH6_sc022,862,124,0.14385150812064965
BTH6_sc023,992,160,0.16129032258064516
BTH6_sc024,831,132,0.1588447653429603
BTH7_sc003,214,31,0.14485981308411214
BTH7_sc004,220,27,0.12272727272727273
BTH7_sc005,106,13,0.12264150943396226
BTH7_sc009,188,32,0.1702127659574468
BTH7_sc010,168,8,0.047619047619047616
BTH7_sc012,47,8,0.1702127659574468
BTH7_sc013,221,24,0.1085972850678733
BTH7_sc016,131,13,0.09923664122137404
BTH7_sc017,141,15,0.10638297872340426
BTH7_sc018,97,7,0.07216494845360824
BTH7_sc019,155,16,0.1032258064516129
BTH7_sc021,120,12,0.1
BTH7_sc022,66,7,0.10606060606060606
BTH7_sc024,131,17,0.1297709923664122
BTT1_sc001,107,53,0.4953271028037383
BTT1_sc002,96,20,0.20833333333333334
BTT1_sc004,899,214,0.23804226918798665
BTT1_sc009,1200,251,0.20916666666666667
BTT1_sc010,934,230,0.2462526766595289
BTT1_sc012,534,123,0.2303370786516854
BTT1_sc013,471,121,0.25690021231422505
BTT1_sc014,875,235,0.26857142857142857
BTT1_sc015,911,236,0.25905598243688255
BTT1_sc016,765,207,0.27058823529411763
BTT1_sc017,892,207,0.2320627802690583
BTT1_sc020,411,86,0.20924574209245742
BTT1_sc022,118,37,0.3135593220338983
BTT1_sc023,736,198,0.26902173913043476
BTT1_sc025,1249,339,0.2714171337069656
BTT1_sc026,69,26,0.37681159420289856
BTT1_sc027,798,217,0.2719298245614035
BTT1_sc029,294,58,0.19727891156462585
BTT1_sc031,105,24,0.22857142857142856
BTT1_sc032,627,151,0.24082934609250398
BTT1_sc033,43,14,0.32558139534883723
BTT1_sc034,173,37,0.2138728323699422
BTT1_sc037,36,10,0.2777777777777778
BTT1_sc038,65,18,0.27692307692307694
BTT1_sc050,42,18,0.42857142857142855
BTT1_sc061,39,16,0.41025641025641024
BTT1_sc073,37,19,0.5135135135135135
BTT1_sc074,126,42,0.3333333333333333
BTT1_sc086,32,15,0.46875
BTT1_sc101,998,305,0.30561122244488975
BTT1_sc102,815,244,0.29938650306748466
BTT1_sc103,794,238,0.29974811083123426
BTT1_sc104,867,255,0.29411764705882354
BTT1_sc105,909,246,0.2706270627062706
BTT1_sc106,900,263,0.2922222222222222
BTT1_sc107,1033,315,0.30493707647628265
BTT1_sc108,978,290,0.2965235173824131
BTT1_sc109,992,280,0.28225806451612906
BTT1_sc110,763,252,0.3302752293577982
BTT1_sc111,604,197,0.326158940397351
BTT1_sc112,787,262,0.33290978398983484
BTT1_sc113,907,272,0.29988974641675853
BTT1_sc114,821,234,0.2850182704019488
BTT1_sc115,84,40,0.47619047619047616
BTT1_sc116,1143,346,0.3027121609798775
BTT1_sc117,824,228,0.2766990291262136
BTT1_sc118,914,267,0.2921225382932166
BTT1_sc119,909,264,0.29042904290429045
BTT1_sc120,1093,337,0.3083257090576395
BTT1_sc121,591,166,0.2808798646362098
BTT1_sc122,789,213,0.26996197718631176
BTT1_sc123,593,167,0.28161888701517707
BTT1_sc124,678,231,0.3407079646017699
BTT1_sc125,894,282,0.31543624161073824
BTT1_sc126,803,238,0.29638854296388545
BTT1_sc127,736,237,0.3220108695652174
BTT1_sc128,773,218,0.2820181112548512
BTT1_sc129,585,177,0.30256410256410254
BTT1_sc130,719,212,0.2948539638386648
BTT1_sc131,566,197,0.3480565371024735
BTT1_sc132,118,47,0.3983050847457627
BTT1_sc133,600,184,0.30666666666666664
BTT1_sc134,670,197,0.29402985074626864
BTT1_sc135,724,214,0.2955801104972376
BTT1_sc136,603,162,0.26865671641791045
BTT1_sc137,821,255,0.3105968331303289
BTT1_sc138,706,213,0.301699716713881
BTT1_sc139,679,196,0.28865979381443296
BTT1_sc140,580,166,0.28620689655172415
BTT1_sc141,648,184,0.2839506172839506
BTT1_sc142,648,213,0.3287037037037037
BTT1_sc143,835,237,0.2838323353293413
BTT1_sc144,74,28,0.3783783783783784
BTT1_sc145,824,248,0.30097087378640774
BTT1_sc146,853,258,0.30246189917936694
BTT1_sc147,321,93,0.2897196261682243
BTT1_sc148,839,269,0.3206197854588796
BTT2_sc201,54,37,0.6851851851851852
BTT2_sc202,274,129,0.4708029197080292
BTT2_sc203,67,42,0.6268656716417911
BTT2_sc204,53,31,0.5849056603773585
BTT2_sc205,69,42,0.6086956521739131
BTT2_sc206,340,141,0.4147058823529412
BTT2_sc601,507,289,0.5700197238658777
BTT2_sc602,388,210,0.5412371134020618
BTT2_sc603,467,256,0.5481798715203426
BTT2_sc604,310,174,0.5612903225806452
BTT2_sc605,427,232,0.5433255269320844
BTT2_sc606,393,213,0.5419847328244275
BTT2_sc607,618,354,0.5728155339805825
BTT2_sc608,579,330,0.5699481865284974
BTT2_sc609,560,292,0.5214285714285715
BTT2_sc610,470,260,0.5531914893617021
BTT2_sc611,771,416,0.5395590142671854
BTT2_sc612,504,266,0.5277777777777778
BTT3_sc201,34,11,0.3235294117647059
BTT3_sc202,53,14,0.2641509433962264
BTT3_sc203,23,8,0.34782608695652173
BTT3_sc204,31,9,0.2903225806451613
BTT3_sc205,93,28,0.3010752688172043
BTT3_sc206,75,24,0.32
BTT3_sc337,317,117,0.36908517350157727
BTT3_sc338,316,108,0.34177215189873417
BTT3_sc339,258,82,0.3178294573643411
BTT3_sc340,393,112,0.28498727735368956
BTT3_sc341,396,144,0.36363636363636365
BTT3_sc342,247,87,0.3522267206477733
BTT3_sc343,401,128,0.3192019950124688
BTT3_sc344,365,109,0.29863013698630136
BTT3_sc345,124,44,0.3548387096774194
BTT3_sc346,266,81,0.30451127819548873
BTT3_sc347,310,96,0.3096774193548387
BTT3_sc348,379,131,0.34564643799472294
BTT3_sc349,399,144,0.3609022556390977
BTT3_sc350,289,99,0.34256055363321797
BTT3_sc351,196,66,0.336734693877551
BTT3_sc352,332,99,0.29819277108433734
BTT3_sc353,284,93,0.3274647887323944
BTT3_sc354,364,103,0.28296703296703296
BTT3_sc355,259,75,0.28957528957528955
BTT3_sc356,367,119,0.3242506811989101
BTT3_sc357,239,93,0.3891213389121339
BTT3_sc358,199,64,0.32160804020100503
BTT3_sc359,167,47,0.281437125748503
BTT3_sc360,200,67,0.335
BTT3_sc361,277,79,0.2851985559566787
BTT3_sc363,212,71,0.33490566037735847
BTT3_sc364,210,74,0.3523809523809524
BTT3_sc365,302,86,0.2847682119205298
BTT3_sc366,287,88,0.30662020905923343
BTT3_sc367,307,97,0.31596091205211724
BTT3_sc368,6309,1877,0.29751149152005074
BTT3_sc369,182,59,0.3241758241758242
BTT3_sc370,198,61,0.30808080808080807
BTT3_sc371,280,97,0.3464285714285714
BTT3_sc372,372,121,0.32526881720430106
BTT3_sc373,366,127,0.3469945355191257
BTT3_sc374,455,128,0.2813186813186813
BTT3_sc375,238,74,0.31092436974789917
BTT3_sc376,304,86,0.28289473684210525
BTT3_sc377,402,127,0.31592039800995025
BTT3_sc378,361,119,0.3296398891966759
BTT3_sc379,156,43,0.27564102564102566
BTT3_sc380,288,92,0.3194444444444444
BTT3_sc381,296,82,0.27702702702702703
BTT3_sc382,339,101,0.29793510324483774
BTT3_sc383,296,110,0.3716216216216216
BTT3_sc384,360,132,0.36666666666666664
BTT3_sc385,349,106,0.3037249283667622
BTT3_sc386,312,108,0.34615384615384615
BTT3_sc387,302,106,0.3509933774834437
BTT3_sc388,304,92,0.3026315789473684
BTT3_sc389,360,109,0.30277777777777776
BTT3_sc390,373,127,0.34048257372654156
BTT4_sc001,449,113,0.2516703786191537
BTT4_sc002,36,11,0.3055555555555556
BTT4_sc003,174,35,0.20114942528735633
BTT4_sc004,179,44,0.24581005586592178
BTT4_sc015,45,9,0.2
BTT4_sc016,142,18,0.1267605633802817
BTT4_sc017,174,39,0.22413793103448276
BTT4_sc018,205,40,0.1951219512195122
BTT4_sc025,71,28,0.39436619718309857
BTT4_sc026,62,17,0.27419354838709675
BTT4_sc027,60,10,0.16666666666666666
BTT4_sc028,340,57,0.1676470588235294
BTT4_sc029,450,101,0.22444444444444445
BTT4_sc030,57,15,0.2631578947368421
BTT4_sc031,199,39,0.19597989949748743
BTT4_sc032,86,25,0.29069767441860467
BTT4_sc033,220,43,0.19545454545454546
BTT4_sc034,45,18,0.4
BTT4_sc035,85,15,0.17647058823529413
BTT4_sc036,68,21,0.3088235294117647
BTT4_sc042,19,4,0.21052631578947367
BTT4_sc044,45,11,0.24444444444444444
BTT4_sc045,97,39,0.4020618556701031
BTT4_sc046,177,34,0.192090395480226
BTT4_sc047,204,51,0.25
BTT4_sc048,101,32,0.31683168316831684
BTT4_sc102,413,81,0.19612590799031476
BTT4_sc104,609,113,0.18555008210180624
BTT4_sc108,146,36,0.2465753424657534
BTT4_sc125,477,133,0.27882599580712786
BTT4_sc126,349,95,0.2722063037249284
BTT4_sc127,71,20,0.28169014084507044
BTT4_sc128,297,74,0.24915824915824916
BTT4_sc212,314,78,0.2484076433121019
BTT4_sc214,422,82,0.1943127962085308
BTT4_sc215,117,34,0.2905982905982906
BTT4_sc226,663,148,0.22322775263951736
BTT4_sc227,90,32,0.35555555555555557
BTT4_sc228,83,31,0.37349397590361444
BTT4_sc249,50,12,0.24
BTT4_sc250,100,30,0.3
BTT4_sc252,96,24,0.25
BTT4_sc253,64,15,0.234375
BTT4_sc254,60,15,0.25
BTT4_sc255,83,21,0.25301204819277107
BTT4_sc256,84,27,0.32142857142857145
BTT4_sc257,118,32,0.2711864406779661
BTT4_sc259,86,29,0.3372093023255814
BTT4_sc260,138,47,0.34057971014492755
BTT4_sc301,421,100,0.2375296912114014
BTT4_sc302,413,94,0.22760290556900725
BTT4_sc303,304,72,0.23684210526315788
BTT4_sc304,54,18,0.3333333333333333
BTT4_sc305,322,84,0.2608695652173913
BTT4_sc306,430,90,0.20930232558139536
BTT4_sc307,112,27,0.24107142857142858
BTT4_sc308,406,98,0.2413793103448276
BTT4_sc309,206,39,0.18932038834951456
BTT4_sc310,434,108,0.2488479262672811
BTT4_sc311,351,84,0.23931623931623933
BTT4_sc312,262,45,0.1717557251908397
BTT4_sc313,413,91,0.22033898305084745
BTT4_sc314,299,56,0.18729096989966554
BTT4_sc315,310,76,0.24516129032258063
BTT4_sc316,307,73,0.23778501628664495
BTT4_sc317,447,108,0.24161073825503357
BTT4_sc318,144,39,0.2708333333333333
BTT4_sc319,121,17,0.14049586776859505
BTT4_sc320,377,83,0.22015915119363394
BTT4_sc321,395,91,0.23037974683544304
BTT4_sc322,510,106,0.20784313725490197
BTT4_sc323,451,99,0.21951219512195122
BTT4_sc325,512,139,0.271484375
BTT4_sc326,365,90,0.2465753424657534
BTT4_sc327,474,109,0.229957805907173
BTT4_sc328,399,103,0.2581453634085213
BTT4_sc329,521,115,0.22072936660268713
BTT4_sc331,348,77,0.22126436781609196
BTT4_sc332,370,80,0.21621621621621623
BTT4_sc333,516,114,0.22093023255813954
BTT4_sc334,654,148,0.22629969418960244
BTT4_sc336,464,89,0.19181034482758622
BTT4_sc337,250,62,0.248
BTT4_sc338,281,70,0.2491103202846975
BTT4_sc339,270,65,0.24074074074074073
BTT4_sc340,236,65,0.2754237288135593
BTT4_sc341,121,23,0.19008264462809918
BTT4_sc342,232,48,0.20689655172413793
BTT4_sc343,331,85,0.256797583081571
BTT4_sc344,354,76,0.21468926553672316
BTT4_sc345,204,39,0.19117647058823528
BTT4_sc346,409,101,0.2469437652811736
BTT5_sc001,39,9,0.23076923076923078
BTT5_sc002,40,17,0.425
BTT5_sc004,52,17,0.3269230769230769
BTT5_sc005,37,13,0.35135135135135137
BTT5_sc006,39,10,0.2564102564102564
BTT5_sc008,86,19,0.22093023255813954
BTT5_sc009,39,13,0.3333333333333333
BTT5_sc010,20,5,0.25
BTT5_sc011,25,11,0.44
BTT5_sc012,31,17,0.5483870967741935
BTT5_sc013,50,16,0.32
BTT5_sc014,37,13,0.35135135135135137
BTT5_sc015,215,39,0.1813953488372093
BTT5_sc016,27,11,0.4074074074074074
BTT5_sc017,53,26,0.49056603773584906
BTT5_sc018,49,16,0.32653061224489793
BTT5_sc019,42,21,0.5
BTT5_sc020,28,11,0.39285714285714285
BTT5_sc021,97,38,0.3917525773195876
BTT5_sc023,111,40,0.36036036036036034
BTT5_sc024,96,44,0.4583333333333333
BTT5_sc025,120,46,0.38333333333333336
BTT5_sc026,67,25,0.373134328358209
BTT5_sc028,153,57,0.37254901960784315
BTT5_sc029,44,19,0.4318181818181818
BTT5_sc030,83,31,0.37349397590361444
BTT5_sc031,141,58,0.41134751773049644
BTT5_sc032,82,31,0.3780487804878049
BTT5_sc033,61,20,0.32786885245901637
BTT5_sc034,82,27,0.32926829268292684
BTT5_sc035,72,20,0.2777777777777778
BTT5_sc036,41,13,0.3170731707317073
BTT5_sc037,21,12,0.5714285714285714
BTT5_sc038,37,10,0.2702702702702703
BTT5_sc040,104,35,0.33653846153846156
BTT5_sc041,98,26,0.2653061224489796
BTT5_sc043,38,16,0.42105263157894735
BTT5_sc044,44,23,0.5227272727272727
BTT5_sc045,36,12,0.3333333333333333
BTT5_sc046,37,9,0.24324324324324326
BTT5_sc047,57,21,0.3684210526315789
BTT5_sc048,37,9,0.24324324324324326
BTT5_sc049,30,11,0.36666666666666664
BTT5_sc050,44,20,0.45454545454545453
BTT5_sc051,119,36,0.3025210084033613
BTT5_sc052,56,25,0.44642857142857145
BTT5_sc053,36,12,0.3333333333333333
BTT5_sc054,108,49,0.4537037037037037
BTT5_sc201,108,31,0.28703703703703703
BTT5_sc202,123,38,0.3089430894308943
BTT5_sc203,117,50,0.42735042735042733
BTT5_sc204,86,35,0.4069767441860465
BTT5_sc205,144,70,0.4861111111111111
BTT5_sc206,77,31,0.4025974025974026
BTT6_sc001,524,122,0.23282442748091603
BTT6_sc002,598,160,0.26755852842809363
BTT6_sc003,453,112,0.24724061810154527
BTT6_sc004,531,157,0.295668549905838
BTT6_sc005,130,38,0.2923076923076923
BTT6_sc006,297,68,0.22895622895622897
BTT6_sc007,405,109,0.2691358024691358
BTT6_sc008,277,70,0.2527075812274368
BTT6_sc009,337,76,0.22551928783382788
BTT6_sc010,635,180,0.28346456692913385
BTT6_sc011,576,163,0.2829861111111111
BTT6_sc012,516,128,0.24806201550387597
BTT6_sc013,545,125,0.22935779816513763
BTT6_sc014,217,49,0.22580645161290322
BTT6_sc015,631,184,0.29160063391442154
BTT6_sc016,509,138,0.27111984282907664
BTT6_sc017,461,108,0.23427331887201736
BTT6_sc018,474,116,0.24472573839662448
BTT6_sc019,471,130,0.2760084925690021
BTT6_sc020,331,94,0.283987915407855
BTT6_sc021,466,135,0.28969957081545067
BTT6_sc022,547,143,0.26142595978062155
BTT6_sc023,453,112,0.24724061810154527
BTT6_sc024,393,102,0.2595419847328244
BTT6_sc025,456,112,0.24561403508771928
BTT6_sc026,499,122,0.24448897795591182
BTT6_sc027,461,105,0.227765726681128
BTT6_sc028,410,96,0.23414634146341465
BTT6_sc029,506,139,0.274703557312253
BTT6_sc030,419,122,0.2911694510739857
BTT6_sc031,575,154,0.2678260869565217
BTT6_sc032,480,123,0.25625
BTT6_sc033,377,92,0.2440318302387268
BTT6_sc034,437,120,0.2745995423340961
BTT6_sc035,500,132,0.264
BTT6_sc036,375,111,0.296
BTT6_sc037,469,131,0.279317697228145
BTT6_sc038,369,110,0.2981029810298103
BTT6_sc039,467,132,0.2826552462526767
BTT6_sc040,816,233,0.2855392156862745
BTT6_sc041,397,92,0.23173803526448364
BTT6_sc201,80,22,0.275
BTT6_sc202,64,21,0.328125
BTT6_sc203,132,39,0.29545454545454547
BTT6_sc204,76,31,0.40789473684210525
BTT6_sc205,111,29,0.26126126126126126
BTT6_sc206,566,153,0.2703180212014134
BTT6_sc207,92,29,0.31521739130434784
BTT7_sc001,818,263,0.3215158924205379
BTT7_sc002,643,198,0.30793157076205285
BTT7_sc003,806,219,0.271712158808933
BTT7_sc004,800,223,0.27875
BTT7_sc005,454,118,0.2599118942731278
BTT7_sc006,588,157,0.26700680272108845
BTT7_sc007,500,145,0.29
BTT7_sc008,418,116,0.27751196172248804
BTT7_sc009,449,111,0.24721603563474387
BTT7_sc010,545,147,0.26972477064220185
BTT7_sc011,139,40,0.28776978417266186
BTT7_sc012,478,150,0.3138075313807531
BTT7_sc013,809,230,0.2843016069221261
BTT7_sc014,444,120,0.2702702702702703
BTT7_sc015,549,132,0.24043715846994534
BTT7_sc016,540,147,0.2722222222222222
BTT7_sc017,475,115,0.24210526315789474
BTT7_sc018,383,120,0.3133159268929504
BTT7_sc019,404,119,0.29455445544554454
BTT7_sc020,62,19,0.3064516129032258
BTT7_sc021,464,127,0.27370689655172414
BTT7_sc022,188,56,0.2978723404255319
BTT7_sc023,631,189,0.29952456418383516
BTT7_sc024,667,188,0.2818590704647676
BTT7_sc026,494,142,0.2874493927125506
BTT7_sc027,457,112,0.24507658643326038
BTT7_sc028,389,96,0.2467866323907455
BTT7_sc029,537,135,0.25139664804469275
BTT7_sc030,564,146,0.25886524822695034
BTT7_sc031,313,68,0.21725239616613418
BTT7_sc032,444,103,0.23198198198198197
BTT7_sc033,433,110,0.2540415704387991
BTT7_sc034,637,179,0.28100470957613816
BTT7_sc035,418,103,0.24641148325358853
BTT7_sc036,536,134,0.25
BTT7_sc037,581,148,0.2547332185886403
BTT7_sc038,715,208,0.2909090909090909
BTT7_sc039,491,132,0.26883910386965376
BTT7_sc040,674,179,0.2655786350148368
BTT7_sc041,581,149,0.25645438898450945
BTT7_sc046,546,152,0.2783882783882784
BTT7_sc047,337,84,0.24925816023738873
BTT7_sc048,460,124,0.26956521739130435
BTT7_sc049,529,115,0.21739130434782608
BTT7_sc050,524,133,0.2538167938931298
BTT7_sc051,535,148,0.2766355140186916
BTT7_sc052,596,139,0.2332214765100671
BTT7_sc053,463,110,0.23758099352051837
BTT7_sc054,447,106,0.2371364653243848
BTT7_sc056,605,162,0.26776859504132233
BTT7_sc057,569,141,0.2478031634446397
BTT7_sc058,485,113,0.2329896907216495
BTT7_sc059,530,128,0.24150943396226415
BTT7_sc060,511,137,0.26810176125244617
BTT7_sc061,414,109,0.2632850241545894
BTT7_sc062,379,94,0.24802110817941952
BTT7_sc063,506,134,0.2648221343873518
BTT7_sc064,813,232,0.2853628536285363
BTT7_sc065,518,139,0.26833976833976836
BTT7_sc066,707,182,0.25742574257425743
BTT7_sc201,162,40,0.24691358024691357
BTT7_sc202,57,13,0.22807017543859648
BTT7_sc203,66,19,0.2878787878787879
BTT7_sc204,64,15,0.234375
BTT7_sc205,37,14,0.3783783783783784
BTT7_sc206,64,18,0.28125
