,cellID,cnv,footprint_bp,sample
0,BTE1_sc001,1,0,BTE1
1,BTE1_sc002,1,0,BTE1
2,BTE1_sc004,1,0,BTE1
3,BTE1_sc005,1,0,BTE1
4,BTE1_sc008,1,0,BTE1
5,BTE1_sc009,1,0,BTE1
6,BTE1_sc010,1,0,BTE1
7,BTE1_sc011,1,0,BTE1
8,BTE1_sc012,1,0,BTE1
9,BTE1_sc013,1,0,BTE1
10,BTE1_sc014,1,0,BTE1
11,BTE1_sc015,1,0,BTE1
12,BTE1_sc016,1,5025368,BTE1
13,BTE1_sc017,1,0,BTE1
14,BTE1_sc018,1,0,BTE1
15,BTE1_sc020,1,0,BTE1
16,BTE1_sc021,1,0,BTE1
17,BTE1_sc022,1,15399792,BTE1
18,BTE1_sc023,1,126132765,BTE1
19,BTE1_sc024,1,0,BTE1
20,BTE1_sc001,2,473795336,BTE1
21,BTE1_sc002,2,272906261,BTE1
22,BTE1_sc004,2,473800212,BTE1
23,BTE1_sc005,2,305741817,BTE1
24,BTE1_sc008,2,473795336,BTE1
25,BTE1_sc009,2,324149711,BTE1
26,BTE1_sc010,2,453686144,BTE1
27,BTE1_sc011,2,0,BTE1
28,BTE1_sc012,2,318748513,BTE1
29,BTE1_sc013,2,0,BTE1
30,BTE1_sc014,2,466531657,BTE1
31,BTE1_sc015,2,288152954,BTE1
32,BTE1_sc016,2,278099007,BTE1
33,BTE1_sc017,2,478827915,BTE1
34,BTE1_sc018,2,481494554,BTE1
35,BTE1_sc020,2,471443467,BTE1
36,BTE1_sc021,2,305741817,BTE1
37,BTE1_sc022,2,287827623,BTE1
38,BTE1_sc023,2,229058137,BTE1
39,BTE1_sc024,2,453686144,BTE1
40,BTE1_sc001,3,0,BTE1
41,BTE1_sc002,3,344150779,BTE1
42,BTE1_sc004,3,445503064,BTE1
43,BTE1_sc005,3,284956494,BTE1
44,BTE1_sc008,3,242024810,BTE1
45,BTE1_sc009,3,598766336,BTE1
46,BTE1_sc010,3,220236259,BTE1
47,BTE1_sc011,3,17650274,BTE1
48,BTE1_sc012,3,222186205,BTE1
49,BTE1_sc013,3,121242111,BTE1
50,BTE1_sc014,3,92103443,BTE1
51,BTE1_sc015,3,376996637,BTE1
52,BTE1_sc016,3,379510814,BTE1
53,BTE1_sc017,3,92616809,BTE1
54,BTE1_sc018,3,70331190,BTE1
55,BTE1_sc020,3,400093933,BTE1
56,BTE1_sc021,3,359407774,BTE1
57,BTE1_sc022,3,491526058,BTE1
58,BTE1_sc023,3,424154405,BTE1
59,BTE1_sc024,3,197450131,BTE1
60,BTE1_sc001,4,1065245739,BTE1
61,BTE1_sc002,4,914326577,BTE1
62,BTE1_sc004,4,642523927,BTE1
63,BTE1_sc005,4,924425809,BTE1
64,BTE1_sc008,4,846007057,BTE1
65,BTE1_sc009,4,563281484,BTE1
66,BTE1_sc010,4,887904800,BTE1
67,BTE1_sc011,4,1491227664,BTE1
68,BTE1_sc012,4,318606108,BTE1
69,BTE1_sc013,4,1440585092,BTE1
70,BTE1_sc014,4,898356213,BTE1
71,BTE1_sc015,4,847422340,BTE1
72,BTE1_sc016,4,852488931,BTE1
73,BTE1_sc017,4,990382479,BTE1
74,BTE1_sc018,4,957633767,BTE1
75,BTE1_sc020,4,653009021,BTE1
76,BTE1_sc021,4,849974529,BTE1
77,BTE1_sc022,4,632054518,BTE1
78,BTE1_sc023,4,421249176,BTE1
79,BTE1_sc024,4,910690928,BTE1
80,BTE1_sc001,5,22786128,BTE1
81,BTE1_sc002,5,30443586,BTE1
82,BTE1_sc004,5,0,BTE1
83,BTE1_sc005,5,16259497,BTE1
84,BTE1_sc008,5,0,BTE1
85,BTE1_sc009,5,59370175,BTE1
86,BTE1_sc010,5,0,BTE1
87,BTE1_sc011,5,52949265,BTE1
88,BTE1_sc012,5,702286377,BTE1
89,BTE1_sc013,5,0,BTE1
90,BTE1_sc014,5,104835890,BTE1
91,BTE1_sc015,5,2552189,BTE1
92,BTE1_sc016,5,0,BTE1
93,BTE1_sc017,5,0,BTE1
94,BTE1_sc018,5,52367692,BTE1
95,BTE1_sc020,5,37280782,BTE1
96,BTE1_sc021,5,0,BTE1
97,BTE1_sc022,5,88316129,BTE1
98,BTE1_sc023,5,233777771,BTE1
99,BTE1_sc024,5,0,BTE1
100,BTE4_sc001,1,58364995,BTE4
101,BTE4_sc002,1,58364995,BTE4
102,BTE4_sc003,1,26029920,BTE4
103,BTE4_sc004,1,58364995,BTE4
104,BTE4_sc006,1,58364995,BTE4
105,BTE4_sc009,1,141871780,BTE4
106,BTE4_sc010,1,58364995,BTE4
107,BTE4_sc011,1,58364995,BTE4
108,BTE4_sc012,1,58364995,BTE4
109,BTE4_sc013,1,58364995,BTE4
110,BTE4_sc014,1,58364995,BTE4
111,BTE4_sc015,1,63419974,BTE4
112,BTE4_sc016,1,58364995,BTE4
113,BTE4_sc018,1,79259172,BTE4
114,BTE4_sc019,1,58364995,BTE4
115,BTE4_sc020,1,58364995,BTE4
116,BTE4_sc021,1,55851487,BTE4
117,BTE4_sc022,1,63445254,BTE4
118,BTE4_sc023,1,63399292,BTE4
119,BTE4_sc024,1,61006281,BTE4
120,BTE4_sc025,1,58364995,BTE4
121,BTE4_sc027,1,58364995,BTE4
122,BTE4_sc029,1,58364995,BTE4
123,BTE4_sc030,1,58364995,BTE4
124,BTE4_sc031,1,58364995,BTE4
125,BTE4_sc034,1,263725117,BTE4
126,BTE4_sc035,1,58364995,BTE4
127,BTE4_sc037,1,58364995,BTE4
128,BTE4_sc043,1,276667192,BTE4
129,BTE4_sc044,1,58364995,BTE4
130,BTE4_sc045,1,58364995,BTE4
131,BTE4_sc046,1,60881343,BTE4
132,BTE4_sc047,1,58364995,BTE4
133,BTE4_sc050,1,79259172,BTE4
134,BTE4_sc051,1,58364995,BTE4
135,BTE4_sc052,1,63399292,BTE4
136,BTE4_sc054,1,58364995,BTE4
137,BTE4_sc055,1,58364995,BTE4
138,BTE4_sc058,1,58364995,BTE4
139,BTE4_sc059,1,95020555,BTE4
140,BTE4_sc061,1,58364995,BTE4
141,BTE4_sc062,1,63399292,BTE4
142,BTE4_sc063,1,68507170,BTE4
143,BTE4_sc064,1,76404121,BTE4
144,BTE4_sc065,1,58364995,BTE4
145,BTE4_sc066,1,58364995,BTE4
146,BTE4_sc201,1,304387913,BTE4
147,BTE4_sc203,1,0,BTE4
148,BTE4_sc205,1,307590159,BTE4
149,BTE4_sc001,2,775981211,BTE4
150,BTE4_sc002,2,872183630,BTE4
151,BTE4_sc003,2,574912762,BTE4
152,BTE4_sc004,2,866718859,BTE4
153,BTE4_sc006,2,762457582,BTE4
154,BTE4_sc009,2,750565792,BTE4
155,BTE4_sc010,2,876524421,BTE4
156,BTE4_sc011,2,775326140,BTE4
157,BTE4_sc012,2,829038280,BTE4
158,BTE4_sc013,2,803138468,BTE4
159,BTE4_sc014,2,821574380,BTE4
160,BTE4_sc015,2,803684528,BTE4
161,BTE4_sc016,2,845911915,BTE4
162,BTE4_sc018,2,669847004,BTE4
163,BTE4_sc019,2,802149183,BTE4
164,BTE4_sc020,2,847838510,BTE4
165,BTE4_sc021,2,825717907,BTE4
166,BTE4_sc022,2,806132586,BTE4
167,BTE4_sc023,2,788611027,BTE4
168,BTE4_sc024,2,829487437,BTE4
169,BTE4_sc025,2,803774465,BTE4
170,BTE4_sc027,2,786251678,BTE4
171,BTE4_sc029,2,886892826,BTE4
172,BTE4_sc030,2,786251678,BTE4
173,BTE4_sc031,2,829452376,BTE4
174,BTE4_sc034,2,482882525,BTE4
175,BTE4_sc035,2,831406985,BTE4
176,BTE4_sc037,2,836545303,BTE4
177,BTE4_sc043,2,153708058,BTE4
178,BTE4_sc044,2,828932125,BTE4
179,BTE4_sc045,2,837251556,BTE4
180,BTE4_sc046,2,928599144,BTE4
181,BTE4_sc047,2,814399069,BTE4
182,BTE4_sc050,2,770731460,BTE4
183,BTE4_sc051,2,806217929,BTE4
184,BTE4_sc052,2,836744007,BTE4
185,BTE4_sc054,2,832867200,BTE4
186,BTE4_sc055,2,897256288,BTE4
187,BTE4_sc058,2,762885853,BTE4
188,BTE4_sc059,2,771157644,BTE4
189,BTE4_sc061,2,847429725,BTE4
190,BTE4_sc062,2,823801085,BTE4
191,BTE4_sc063,2,661300315,BTE4
192,BTE4_sc064,2,770482373,BTE4
193,BTE4_sc065,2,799467115,BTE4
194,BTE4_sc066,2,798883451,BTE4
195,BTE4_sc201,2,1714794757,BTE4
196,BTE4_sc203,2,2019182670,BTE4
197,BTE4_sc205,2,1698982491,BTE4
198,BTE4_sc001,3,766811532,BTE4
199,BTE4_sc002,3,673185026,BTE4
200,BTE4_sc003,3,723577482,BTE4
201,BTE4_sc004,3,676035826,BTE4
202,BTE4_sc006,3,777861047,BTE4
203,BTE4_sc009,3,725055339,BTE4
204,BTE4_sc010,3,753344978,BTE4
205,BTE4_sc011,3,842297459,BTE4
206,BTE4_sc012,3,713747475,BTE4
207,BTE4_sc013,3,739701739,BTE4
208,BTE4_sc014,3,884744106,BTE4
209,BTE4_sc015,3,786158068,BTE4
210,BTE4_sc016,3,713218215,BTE4
211,BTE4_sc018,3,1020743490,BTE4
212,BTE4_sc019,3,827538607,BTE4
213,BTE4_sc020,3,781849280,BTE4
214,BTE4_sc021,3,878534880,BTE4
215,BTE4_sc022,3,783636607,BTE4
216,BTE4_sc023,3,793611380,BTE4
217,BTE4_sc024,3,850916390,BTE4
218,BTE4_sc025,3,854448738,BTE4
219,BTE4_sc027,3,843436112,BTE4
220,BTE4_sc029,3,668114721,BTE4
221,BTE4_sc030,3,894387187,BTE4
222,BTE4_sc031,3,670908140,BTE4
223,BTE4_sc034,3,770917940,BTE4
224,BTE4_sc035,3,752516770,BTE4
225,BTE4_sc037,3,720061035,BTE4
226,BTE4_sc043,3,523089223,BTE4
227,BTE4_sc044,3,741335713,BTE4
228,BTE4_sc045,3,744493590,BTE4
229,BTE4_sc046,3,688671083,BTE4
230,BTE4_sc047,3,780498506,BTE4
231,BTE4_sc050,3,750962018,BTE4
232,BTE4_sc051,3,786158185,BTE4
233,BTE4_sc052,3,832992724,BTE4
234,BTE4_sc054,3,707397094,BTE4
235,BTE4_sc055,3,715835725,BTE4
236,BTE4_sc058,3,774856863,BTE4
237,BTE4_sc059,3,759343021,BTE4
238,BTE4_sc061,3,692834569,BTE4
239,BTE4_sc062,3,747548539,BTE4
240,BTE4_sc063,3,876720372,BTE4
241,BTE4_sc064,3,893082781,BTE4
242,BTE4_sc065,3,830220675,BTE4
243,BTE4_sc066,3,856623686,BTE4
244,BTE4_sc201,3,0,BTE4
245,BTE4_sc203,3,0,BTE4
246,BTE4_sc205,3,0,BTE4
247,BTE4_sc001,4,281378242,BTE4
248,BTE4_sc002,4,311890548,BTE4
249,BTE4_sc003,4,423343005,BTE4
250,BTE4_sc004,4,260522123,BTE4
251,BTE4_sc006,4,316940575,BTE4
252,BTE4_sc009,4,332559632,BTE4
253,BTE4_sc010,4,170437291,BTE4
254,BTE4_sc011,4,261172019,BTE4
255,BTE4_sc012,4,260491053,BTE4
256,BTE4_sc013,4,283906691,BTE4
257,BTE4_sc014,4,118521882,BTE4
258,BTE4_sc015,4,252832205,BTE4
259,BTE4_sc016,4,283906691,BTE4
260,BTE4_sc018,4,71853409,BTE4
261,BTE4_sc019,4,243861337,BTE4
262,BTE4_sc020,4,213349031,BTE4
263,BTE4_sc021,4,119591883,BTE4
264,BTE4_sc022,4,257892297,BTE4
265,BTE4_sc023,4,265485045,BTE4
266,BTE4_sc024,4,167613980,BTE4
267,BTE4_sc025,4,184813618,BTE4
268,BTE4_sc027,4,220971303,BTE4
269,BTE4_sc029,4,327040512,BTE4
270,BTE4_sc030,4,192910262,BTE4
271,BTE4_sc031,4,305492205,BTE4
272,BTE4_sc034,4,353846870,BTE4
273,BTE4_sc035,4,273335449,BTE4
274,BTE4_sc037,4,316940575,BTE4
275,BTE4_sc043,4,514528103,BTE4
276,BTE4_sc044,4,286991366,BTE4
277,BTE4_sc045,4,271110708,BTE4
278,BTE4_sc046,4,227943205,BTE4
279,BTE4_sc047,4,201425722,BTE4
280,BTE4_sc050,4,246484952,BTE4
281,BTE4_sc051,4,245300802,BTE4
282,BTE4_sc052,4,193673086,BTE4
283,BTE4_sc054,4,314418997,BTE4
284,BTE4_sc055,4,209048417,BTE4
285,BTE4_sc058,4,265534092,BTE4
286,BTE4_sc059,4,280573555,BTE4
287,BTE4_sc061,4,314418997,BTE4
288,BTE4_sc062,4,271345859,BTE4
289,BTE4_sc063,4,320281252,BTE4
290,BTE4_sc064,4,200443779,BTE4
291,BTE4_sc065,4,213349031,BTE4
292,BTE4_sc066,4,187529684,BTE4
293,BTE4_sc201,4,0,BTE4
294,BTE4_sc203,4,0,BTE4
295,BTE4_sc205,4,0,BTE4
296,BTE4_sc001,5,88389380,BTE4
297,BTE4_sc002,5,55301161,BTE4
298,BTE4_sc003,5,202254813,BTE4
299,BTE4_sc004,5,109283557,BTE4
300,BTE4_sc006,5,55301161,BTE4
301,BTE4_sc009,5,0,BTE4
302,BTE4_sc010,5,112253675,BTE4
303,BTE4_sc011,5,33764747,BTE4
304,BTE4_sc012,5,109283557,BTE4
305,BTE4_sc013,5,85813467,BTE4
306,BTE4_sc014,5,87719997,BTE4
307,BTE4_sc015,5,64830585,BTE4
308,BTE4_sc016,5,69523544,BTE4
309,BTE4_sc018,5,129222285,BTE4
310,BTE4_sc019,5,39011238,BTE4
311,BTE4_sc020,5,69523544,BTE4
312,BTE4_sc021,5,91229203,BTE4
313,BTE4_sc022,5,59818616,BTE4
314,BTE4_sc023,5,59818616,BTE4
315,BTE4_sc024,5,61901272,BTE4
316,BTE4_sc025,5,69523544,BTE4
317,BTE4_sc027,5,61901272,BTE4
318,BTE4_sc029,5,60955892,BTE4
319,BTE4_sc030,5,39011238,BTE4
320,BTE4_sc031,5,106707644,BTE4
321,BTE4_sc034,5,65979801,BTE4
322,BTE4_sc035,5,55301161,BTE4
323,BTE4_sc037,5,69457038,BTE4
324,BTE4_sc043,5,193608646,BTE4
325,BTE4_sc044,5,55301161,BTE4
326,BTE4_sc045,5,59704511,BTE4
327,BTE4_sc046,5,64830585,BTE4
328,BTE4_sc047,5,116237068,BTE4
329,BTE4_sc050,5,123487758,BTE4
330,BTE4_sc051,5,74883449,BTE4
331,BTE4_sc052,5,25819347,BTE4
332,BTE4_sc054,5,57877074,BTE4
333,BTE4_sc055,5,90419935,BTE4
334,BTE4_sc058,5,109283557,BTE4
335,BTE4_sc059,5,51757762,BTE4
336,BTE4_sc061,5,57877074,BTE4
337,BTE4_sc062,5,64830585,BTE4
338,BTE4_sc063,5,25819347,BTE4
339,BTE4_sc064,5,30512306,BTE4
340,BTE4_sc065,5,69523544,BTE4
341,BTE4_sc066,5,69523544,BTE4
342,BTE4_sc201,5,0,BTE4
343,BTE4_sc203,5,0,BTE4
344,BTE4_sc205,5,0,BTE4
345,BTH4_sc001,1,0,BTH4
346,BTH4_sc002,1,0,BTH4
347,BTH4_sc003,1,0,BTH4
348,BTH4_sc004,1,0,BTH4
349,BTH4_sc005,1,0,BTH4
350,BTH4_sc006,1,0,BTH4
351,BTH4_sc007,1,0,BTH4
352,BTH4_sc008,1,0,BTH4
353,BTH4_sc009,1,36033649,BTH4
354,BTH4_sc010,1,0,BTH4
355,BTH4_sc011,1,0,BTH4
356,BTH4_sc012,1,0,BTH4
357,BTH4_sc013,1,0,BTH4
358,BTH4_sc014,1,0,BTH4
359,BTH4_sc015,1,64431844,BTH4
360,BTH4_sc016,1,0,BTH4
361,BTH4_sc019,1,31097054,BTH4
362,BTH4_sc020,1,0,BTH4
363,BTH4_sc021,1,0,BTH4
364,BTH4_sc022,1,0,BTH4
365,BTH4_sc023,1,0,BTH4
366,BTH4_sc024,1,0,BTH4
367,BTH4_sc025,1,0,BTH4
368,BTH4_sc026,1,0,BTH4
369,BTH4_sc027,1,0,BTH4
370,BTH4_sc028,1,0,BTH4
371,BTH4_sc029,1,0,BTH4
372,BTH4_sc030,1,0,BTH4
373,BTH4_sc031,1,0,BTH4
374,BTH4_sc032,1,0,BTH4
375,BTH4_sc033,1,0,BTH4
376,BTH4_sc034,1,0,BTH4
377,BTH4_sc035,1,0,BTH4
378,BTH4_sc038,1,0,BTH4
379,BTH4_sc039,1,0,BTH4
380,BTH4_sc041,1,0,BTH4
381,BTH4_sc042,1,0,BTH4
382,BTH4_sc043,1,0,BTH4
383,BTH4_sc044,1,0,BTH4
384,BTH4_sc045,1,0,BTH4
385,BTH4_sc046,1,0,BTH4
386,BTH4_sc047,1,0,BTH4
387,BTH4_sc048,1,0,BTH4
388,BTH4_sc049,1,0,BTH4
389,BTH4_sc051,1,7946271,BTH4
390,BTH4_sc053,1,0,BTH4
391,BTH4_sc054,1,0,BTH4
392,BTH4_sc055,1,0,BTH4
393,BTH4_sc056,1,0,BTH4
394,BTH4_sc057,1,0,BTH4
395,BTH4_sc058,1,0,BTH4
396,BTH4_sc059,1,0,BTH4
397,BTH4_sc061,1,0,BTH4
398,BTH4_sc062,1,0,BTH4
399,BTH4_sc063,1,0,BTH4
400,BTH4_sc064,1,0,BTH4
401,BTH4_sc065,1,0,BTH4
402,BTH4_sc066,1,0,BTH4
403,BTH4_sc202,1,0,BTH4
404,BTH4_sc204,1,0,BTH4
405,BTH4_sc205,1,0,BTH4
406,BTH4_sc206,1,0,BTH4
407,BTH4_sc001,2,0,BTH4
408,BTH4_sc002,2,43684971,BTH4
409,BTH4_sc003,2,43684971,BTH4
410,BTH4_sc004,2,43684971,BTH4
411,BTH4_sc005,2,51044743,BTH4
412,BTH4_sc006,2,118326458,BTH4
413,BTH4_sc007,2,43684971,BTH4
414,BTH4_sc008,2,43684971,BTH4
415,BTH4_sc009,2,64632046,BTH4
416,BTH4_sc010,2,83954060,BTH4
417,BTH4_sc011,2,43684971,BTH4
418,BTH4_sc012,2,0,BTH4
419,BTH4_sc013,2,43684971,BTH4
420,BTH4_sc014,2,109882750,BTH4
421,BTH4_sc015,2,0,BTH4
422,BTH4_sc016,2,43684971,BTH4
423,BTH4_sc019,2,261984147,BTH4
424,BTH4_sc020,2,43684971,BTH4
425,BTH4_sc021,2,43684971,BTH4
426,BTH4_sc022,2,43684971,BTH4
427,BTH4_sc023,2,102998585,BTH4
428,BTH4_sc024,2,43684971,BTH4
429,BTH4_sc025,2,46238429,BTH4
430,BTH4_sc026,2,88268627,BTH4
431,BTH4_sc027,2,43684971,BTH4
432,BTH4_sc028,2,0,BTH4
433,BTH4_sc029,2,43684971,BTH4
434,BTH4_sc030,2,43684971,BTH4
435,BTH4_sc031,2,43684971,BTH4
436,BTH4_sc032,2,43684971,BTH4
437,BTH4_sc033,2,38920844,BTH4
438,BTH4_sc034,2,111162451,BTH4
439,BTH4_sc035,2,43684971,BTH4
440,BTH4_sc038,2,83954060,BTH4
441,BTH4_sc039,2,43684971,BTH4
442,BTH4_sc041,2,67477480,BTH4
443,BTH4_sc042,2,43684971,BTH4
444,BTH4_sc043,2,43684971,BTH4
445,BTH4_sc044,2,111162451,BTH4
446,BTH4_sc045,2,111162451,BTH4
447,BTH4_sc046,2,0,BTH4
448,BTH4_sc047,2,43684971,BTH4
449,BTH4_sc048,2,23523444,BTH4
450,BTH4_sc049,2,43684971,BTH4
451,BTH4_sc051,2,344081510,BTH4
452,BTH4_sc053,2,67477480,BTH4
453,BTH4_sc054,2,0,BTH4
454,BTH4_sc055,2,43684971,BTH4
455,BTH4_sc056,2,43684971,BTH4
456,BTH4_sc057,2,0,BTH4
457,BTH4_sc058,2,0,BTH4
458,BTH4_sc059,2,23523444,BTH4
459,BTH4_sc061,2,43684971,BTH4
460,BTH4_sc062,2,43684971,BTH4
461,BTH4_sc063,2,43684971,BTH4
462,BTH4_sc064,2,43684971,BTH4
463,BTH4_sc065,2,83954060,BTH4
464,BTH4_sc066,2,23523444,BTH4
465,BTH4_sc202,2,1928599986,BTH4
466,BTH4_sc204,2,1928599986,BTH4
467,BTH4_sc205,2,1928599986,BTH4
468,BTH4_sc206,2,1904394634,BTH4
469,BTH4_sc001,3,155270503,BTH4
470,BTH4_sc002,3,781472831,BTH4
471,BTH4_sc003,3,842331270,BTH4
472,BTH4_sc004,3,820824396,BTH4
473,BTH4_sc005,3,1225759009,BTH4
474,BTH4_sc006,3,742569401,BTH4
475,BTH4_sc007,3,821245988,BTH4
476,BTH4_sc008,3,781472831,BTH4
477,BTH4_sc009,3,1016646212,BTH4
478,BTH4_sc010,3,848119437,BTH4
479,BTH4_sc011,3,863793176,BTH4
480,BTH4_sc012,3,0,BTH4
481,BTH4_sc013,3,748636973,BTH4
482,BTH4_sc014,3,737820927,BTH4
483,BTH4_sc015,3,683989436,BTH4
484,BTH4_sc016,3,856911283,BTH4
485,BTH4_sc019,3,528974418,BTH4
486,BTH4_sc020,3,781472831,BTH4
487,BTH4_sc021,3,781472831,BTH4
488,BTH4_sc022,3,818674332,BTH4
489,BTH4_sc023,3,745816155,BTH4
490,BTH4_sc024,3,781472831,BTH4
491,BTH4_sc025,3,818692530,BTH4
492,BTH4_sc026,3,725814311,BTH4
493,BTH4_sc027,3,784044487,BTH4
494,BTH4_sc028,3,0,BTH4
495,BTH4_sc029,3,821245988,BTH4
496,BTH4_sc030,3,765390869,BTH4
497,BTH4_sc031,3,781472831,BTH4
498,BTH4_sc032,3,818674332,BTH4
499,BTH4_sc033,3,708802678,BTH4
500,BTH4_sc034,3,877158931,BTH4
501,BTH4_sc035,3,821245988,BTH4
502,BTH4_sc038,3,848119437,BTH4
503,BTH4_sc039,3,781472831,BTH4
504,BTH4_sc041,3,782712717,BTH4
505,BTH4_sc042,3,818674332,BTH4
506,BTH4_sc043,3,821245988,BTH4
507,BTH4_sc044,3,853066681,BTH4
508,BTH4_sc045,3,879664971,BTH4
509,BTH4_sc046,3,573938565,BTH4
510,BTH4_sc047,3,784044487,BTH4
511,BTH4_sc048,3,724200078,BTH4
512,BTH4_sc049,3,784044487,BTH4
513,BTH4_sc051,3,995327798,BTH4
514,BTH4_sc053,3,800802462,BTH4
515,BTH4_sc054,3,0,BTH4
516,BTH4_sc055,3,821245988,BTH4
517,BTH4_sc056,3,821245988,BTH4
518,BTH4_sc057,3,351653390,BTH4
519,BTH4_sc058,3,155270503,BTH4
520,BTH4_sc059,3,724200078,BTH4
521,BTH4_sc061,3,821245988,BTH4
522,BTH4_sc062,3,784044487,BTH4
523,BTH4_sc063,3,762884940,BTH4
524,BTH4_sc064,3,821245988,BTH4
525,BTH4_sc065,3,706014291,BTH4
526,BTH4_sc066,3,724200078,BTH4
527,BTH4_sc202,3,0,BTH4
528,BTH4_sc204,3,0,BTH4
529,BTH4_sc205,3,0,BTH4
530,BTH4_sc206,3,24205352,BTH4
531,BTH4_sc001,4,1773329483,BTH4
532,BTH4_sc002,4,796144548,BTH4
533,BTH4_sc003,4,692281990,BTH4
534,BTH4_sc004,4,759364639,BTH4
535,BTH4_sc005,4,468018199,BTH4
536,BTH4_sc006,4,700801167,BTH4
537,BTH4_sc007,4,774254358,BTH4
538,BTH4_sc008,4,811455859,BTH4
539,BTH4_sc009,4,568003569,BTH4
540,BTH4_sc010,4,758880925,BTH4
541,BTH4_sc011,4,670820084,BTH4
542,BTH4_sc012,4,1907064356,BTH4
543,BTH4_sc013,4,643445439,BTH4
544,BTH4_sc014,4,488300002,BTH4
545,BTH4_sc015,4,745955046,BTH4
546,BTH4_sc016,4,738589063,BTH4
547,BTH4_sc019,4,406270734,BTH4
548,BTH4_sc020,4,811455859,BTH4
549,BTH4_sc021,4,811455859,BTH4
550,BTH4_sc022,4,774254358,BTH4
551,BTH4_sc023,4,775059266,BTH4
552,BTH4_sc024,4,791094886,BTH4
553,BTH4_sc025,4,713367272,BTH4
554,BTH4_sc026,4,611743022,BTH4
555,BTH4_sc027,4,811455859,BTH4
556,BTH4_sc028,4,1928599986,BTH4
557,BTH4_sc029,4,774254358,BTH4
558,BTH4_sc030,4,814798166,BTH4
559,BTH4_sc031,4,811455859,BTH4
560,BTH4_sc032,4,774254358,BTH4
561,BTH4_sc033,4,768397729,BTH4
562,BTH4_sc034,4,565001370,BTH4
563,BTH4_sc035,4,774254358,BTH4
564,BTH4_sc038,4,713305150,BTH4
565,BTH4_sc039,4,791094886,BTH4
566,BTH4_sc041,4,603598383,BTH4
567,BTH4_sc042,4,774254358,BTH4
568,BTH4_sc043,4,774254358,BTH4
569,BTH4_sc044,4,551892119,BTH4
570,BTH4_sc045,4,562495330,BTH4
571,BTH4_sc046,4,1334307924,BTH4
572,BTH4_sc047,4,811455859,BTH4
573,BTH4_sc048,4,768397729,BTH4
574,BTH4_sc049,4,750568773,BTH4
575,BTH4_sc051,4,486890782,BTH4
576,BTH4_sc053,4,624290959,BTH4
577,BTH4_sc054,4,1787797286,BTH4
578,BTH4_sc055,4,774254358,BTH4
579,BTH4_sc056,4,774254358,BTH4
580,BTH4_sc057,4,1576946596,BTH4
581,BTH4_sc058,4,1773329483,BTH4
582,BTH4_sc059,4,768397729,BTH4
583,BTH4_sc061,4,774254358,BTH4
584,BTH4_sc062,4,811455859,BTH4
585,BTH4_sc063,4,779520035,BTH4
586,BTH4_sc064,4,774254358,BTH4
587,BTH4_sc065,4,900986071,BTH4
588,BTH4_sc066,4,768397729,BTH4
589,BTH4_sc202,4,0,BTH4
590,BTH4_sc204,4,0,BTH4
591,BTH4_sc205,4,0,BTH4
592,BTH4_sc206,4,0,BTH4
593,BTH4_sc001,5,0,BTH4
594,BTH4_sc002,5,168029412,BTH4
595,BTH4_sc003,5,267006434,BTH4
596,BTH4_sc004,5,185811253,BTH4
597,BTH4_sc005,5,153374872,BTH4
598,BTH4_sc006,5,227634736,BTH4
599,BTH4_sc007,5,165457756,BTH4
600,BTH4_sc008,5,168029412,BTH4
601,BTH4_sc009,5,165044709,BTH4
602,BTH4_sc010,5,144094452,BTH4
603,BTH4_sc011,5,292370049,BTH4
604,BTH4_sc012,5,21535630,BTH4
605,BTH4_sc013,5,335465377,BTH4
606,BTH4_sc014,5,37201501,BTH4
607,BTH4_sc015,5,164585316,BTH4
608,BTH4_sc016,5,165457756,BTH4
609,BTH4_sc019,5,570059305,BTH4
610,BTH4_sc020,5,168029412,BTH4
611,BTH4_sc021,5,188382909,BTH4
612,BTH4_sc022,5,168029412,BTH4
613,BTH4_sc023,5,165457756,BTH4
614,BTH4_sc024,5,188390385,BTH4
615,BTH4_sc025,5,246652937,BTH4
616,BTH4_sc026,5,368279565,BTH4
617,BTH4_sc027,5,165457756,BTH4
618,BTH4_sc028,5,0,BTH4
619,BTH4_sc029,5,165457756,BTH4
620,BTH4_sc030,5,190821371,BTH4
621,BTH4_sc031,5,168029412,BTH4
622,BTH4_sc032,5,168029412,BTH4
623,BTH4_sc033,5,252998351,BTH4
624,BTH4_sc034,5,190433235,BTH4
625,BTH4_sc035,5,165457756,BTH4
626,BTH4_sc038,5,189670227,BTH4
627,BTH4_sc039,5,188390385,BTH4
628,BTH4_sc041,5,315331022,BTH4
629,BTH4_sc042,5,168029412,BTH4
630,BTH4_sc043,5,165457756,BTH4
631,BTH4_sc044,5,227634736,BTH4
632,BTH4_sc045,5,190433235,BTH4
633,BTH4_sc046,5,20353497,BTH4
634,BTH4_sc047,5,185811253,BTH4
635,BTH4_sc048,5,227634736,BTH4
636,BTH4_sc049,5,165457756,BTH4
637,BTH4_sc051,5,74045530,BTH4
638,BTH4_sc053,5,251185086,BTH4
639,BTH4_sc054,5,140802700,BTH4
640,BTH4_sc055,5,165457756,BTH4
641,BTH4_sc056,5,165457756,BTH4
642,BTH4_sc057,5,0,BTH4
643,BTH4_sc058,5,0,BTH4
644,BTH4_sc059,5,308829917,BTH4
645,BTH4_sc061,5,165457756,BTH4
646,BTH4_sc062,5,165457756,BTH4
647,BTH4_sc063,5,218553127,BTH4
648,BTH4_sc064,5,165457756,BTH4
649,BTH4_sc065,5,98377340,BTH4
650,BTH4_sc066,5,252998351,BTH4
651,BTH4_sc202,5,0,BTH4
652,BTH4_sc204,5,0,BTH4
653,BTH4_sc205,5,0,BTH4
654,BTH4_sc206,5,0,BTH4
655,BTH5_sc002,1,0,BTH5
656,BTH5_sc004,1,0,BTH5
657,BTH5_sc005,1,0,BTH5
658,BTH5_sc006,1,25293278,BTH5
659,BTH5_sc007,1,0,BTH5
660,BTH5_sc011,1,10082459,BTH5
661,BTH5_sc012,1,0,BTH5
662,BTH5_sc015,1,0,BTH5
663,BTH5_sc016,1,0,BTH5
664,BTH5_sc018,1,0,BTH5
665,BTH5_sc020,1,0,BTH5
666,BTH5_sc021,1,0,BTH5
667,BTH5_sc024,1,121412988,BTH5
668,BTH5_sc002,2,234126619,BTH5
669,BTH5_sc004,2,260077369,BTH5
670,BTH5_sc005,2,234126619,BTH5
671,BTH5_sc006,2,256036047,BTH5
672,BTH5_sc007,2,234126619,BTH5
673,BTH5_sc011,2,211211650,BTH5
674,BTH5_sc012,2,234126619,BTH5
675,BTH5_sc015,2,254315501,BTH5
676,BTH5_sc016,2,234126619,BTH5
677,BTH5_sc018,2,234126619,BTH5
678,BTH5_sc020,2,20269388,BTH5
679,BTH5_sc021,2,234126619,BTH5
680,BTH5_sc024,2,0,BTH5
681,BTH5_sc002,3,592661360,BTH5
682,BTH5_sc004,3,409335038,BTH5
683,BTH5_sc005,3,473779033,BTH5
684,BTH5_sc006,3,389455965,BTH5
685,BTH5_sc007,3,473779033,BTH5
686,BTH5_sc011,3,506799013,BTH5
687,BTH5_sc012,3,383200796,BTH5
688,BTH5_sc015,3,388117930,BTH5
689,BTH5_sc016,3,383200796,BTH5
690,BTH5_sc018,3,457654894,BTH5
691,BTH5_sc020,3,723793321,BTH5
692,BTH5_sc021,3,383200796,BTH5
693,BTH5_sc024,3,112713631,BTH5
694,BTH5_sc002,4,544915471,BTH5
695,BTH5_sc004,4,664620682,BTH5
696,BTH5_sc005,4,730904372,BTH5
697,BTH5_sc006,4,545302057,BTH5
698,BTH5_sc007,4,730904372,BTH5
699,BTH5_sc011,4,425868343,BTH5
700,BTH5_sc012,4,813019255,BTH5
701,BTH5_sc015,4,787913239,BTH5
702,BTH5_sc016,4,826590024,BTH5
703,BTH5_sc018,4,738565157,BTH5
704,BTH5_sc020,4,475713799,BTH5
705,BTH5_sc021,4,813019255,BTH5
706,BTH5_sc024,4,776498853,BTH5
707,BTH5_sc002,5,72213989,BTH5
708,BTH5_sc004,5,150765775,BTH5
709,BTH5_sc005,5,0,BTH5
710,BTH5_sc006,5,161369664,BTH5
711,BTH5_sc007,5,0,BTH5
712,BTH5_sc011,5,215608567,BTH5
713,BTH5_sc012,5,13570769,BTH5
714,BTH5_sc015,5,13570769,BTH5
715,BTH5_sc016,5,0,BTH5
716,BTH5_sc018,5,13570769,BTH5
717,BTH5_sc020,5,252816987,BTH5
718,BTH5_sc021,5,13570769,BTH5
719,BTH5_sc024,5,428184552,BTH5
720,BTT4_sc001,1,0,BTT4
721,BTT4_sc002,1,0,BTT4
722,BTT4_sc003,1,2628929,BTT4
723,BTT4_sc004,1,0,BTT4
724,BTT4_sc015,1,0,BTT4
725,BTT4_sc016,1,42912565,BTT4
726,BTT4_sc017,1,12735999,BTT4
727,BTT4_sc018,1,0,BTT4
728,BTT4_sc025,1,0,BTT4
729,BTT4_sc026,1,0,BTT4
730,BTT4_sc027,1,0,BTT4
731,BTT4_sc028,1,2628929,BTT4
732,BTT4_sc029,1,2628929,BTT4
733,BTT4_sc030,1,0,BTT4
734,BTT4_sc031,1,46447880,BTT4
735,BTT4_sc032,1,0,BTT4
736,BTT4_sc033,1,47773367,BTT4
737,BTT4_sc034,1,0,BTT4
738,BTT4_sc035,1,15088044,BTT4
739,BTT4_sc036,1,0,BTT4
740,BTT4_sc042,1,79647265,BTT4
741,BTT4_sc044,1,0,BTT4
742,BTT4_sc045,1,0,BTT4
743,BTT4_sc046,1,12892995,BTT4
744,BTT4_sc047,1,2628929,BTT4
745,BTT4_sc048,1,0,BTT4
746,BTT4_sc102,1,25673982,BTT4
747,BTT4_sc104,1,38510634,BTT4
748,BTT4_sc108,1,2628929,BTT4
749,BTT4_sc125,1,33440082,BTT4
750,BTT4_sc126,1,53529842,BTT4
751,BTT4_sc127,1,0,BTT4
752,BTT4_sc128,1,35908768,BTT4
753,BTT4_sc212,1,0,BTT4
754,BTT4_sc214,1,53571885,BTT4
755,BTT4_sc215,1,0,BTT4
756,BTT4_sc226,1,33919474,BTT4
757,BTT4_sc227,1,0,BTT4
758,BTT4_sc228,1,0,BTT4
759,BTT4_sc249,1,0,BTT4
760,BTT4_sc250,1,0,BTT4
761,BTT4_sc252,1,0,BTT4
762,BTT4_sc253,1,0,BTT4
763,BTT4_sc254,1,45828622,BTT4
764,BTT4_sc255,1,5036572,BTT4
765,BTT4_sc256,1,25579287,BTT4
766,BTT4_sc257,1,12860456,BTT4
767,BTT4_sc259,1,0,BTT4
768,BTT4_sc260,1,5194418,BTT4
769,BTT4_sc301,1,2628929,BTT4
770,BTT4_sc302,1,2628929,BTT4
771,BTT4_sc303,1,2628929,BTT4
772,BTT4_sc304,1,0,BTT4
773,BTT4_sc305,1,15508488,BTT4
774,BTT4_sc306,1,2628929,BTT4
775,BTT4_sc307,1,0,BTT4
776,BTT4_sc308,1,2628929,BTT4
777,BTT4_sc309,1,2628929,BTT4
778,BTT4_sc310,1,12873854,BTT4
779,BTT4_sc311,1,15242783,BTT4
780,BTT4_sc312,1,2628929,BTT4
781,BTT4_sc313,1,2628929,BTT4
782,BTT4_sc314,1,23165010,BTT4
783,BTT4_sc315,1,2628929,BTT4
784,BTT4_sc316,1,2628929,BTT4
785,BTT4_sc317,1,2628929,BTT4
786,BTT4_sc318,1,0,BTT4
787,BTT4_sc319,1,0,BTT4
788,BTT4_sc320,1,2628929,BTT4
789,BTT4_sc321,1,2628929,BTT4
790,BTT4_sc322,1,2628929,BTT4
791,BTT4_sc323,1,2628929,BTT4
792,BTT4_sc325,1,2563231,BTT4
793,BTT4_sc326,1,2628929,BTT4
794,BTT4_sc327,1,2628929,BTT4
795,BTT4_sc328,1,2628929,BTT4
796,BTT4_sc329,1,2628929,BTT4
797,BTT4_sc331,1,2628929,BTT4
798,BTT4_sc332,1,2628929,BTT4
799,BTT4_sc333,1,2628929,BTT4
800,BTT4_sc334,1,13473910,BTT4
801,BTT4_sc336,1,2628929,BTT4
802,BTT4_sc337,1,2628929,BTT4
803,BTT4_sc338,1,2628929,BTT4
804,BTT4_sc339,1,0,BTT4
805,BTT4_sc340,1,2628929,BTT4
806,BTT4_sc341,1,38834263,BTT4
807,BTT4_sc342,1,2628929,BTT4
808,BTT4_sc343,1,2628929,BTT4
809,BTT4_sc344,1,2628929,BTT4
810,BTT4_sc345,1,2628929,BTT4
811,BTT4_sc346,1,0,BTT4
812,BTT4_sc001,2,12892995,BTT4
813,BTT4_sc002,2,0,BTT4
814,BTT4_sc003,2,240947468,BTT4
815,BTT4_sc004,2,148878388,BTT4
816,BTT4_sc015,2,0,BTT4
817,BTT4_sc016,2,63533711,BTT4
818,BTT4_sc017,2,336928077,BTT4
819,BTT4_sc018,2,240474175,BTT4
820,BTT4_sc025,2,0,BTT4
821,BTT4_sc026,2,0,BTT4
822,BTT4_sc027,2,12734646,BTT4
823,BTT4_sc028,2,183724778,BTT4
824,BTT4_sc029,2,235314617,BTT4
825,BTT4_sc030,2,0,BTT4
826,BTT4_sc031,2,260610560,BTT4
827,BTT4_sc032,2,0,BTT4
828,BTT4_sc033,2,93413853,BTT4
829,BTT4_sc034,2,0,BTT4
830,BTT4_sc035,2,230623701,BTT4
831,BTT4_sc036,2,48468775,BTT4
832,BTT4_sc042,2,45690394,BTT4
833,BTT4_sc044,2,69069710,BTT4
834,BTT4_sc045,2,0,BTT4
835,BTT4_sc046,2,108703578,BTT4
836,BTT4_sc047,2,181039327,BTT4
837,BTT4_sc048,2,0,BTT4
838,BTT4_sc102,2,275654514,BTT4
839,BTT4_sc104,2,177828226,BTT4
840,BTT4_sc108,2,214993331,BTT4
841,BTT4_sc125,2,209524242,BTT4
842,BTT4_sc126,2,162906482,BTT4
843,BTT4_sc127,2,0,BTT4
844,BTT4_sc128,2,182967772,BTT4
845,BTT4_sc212,2,0,BTT4
846,BTT4_sc214,2,290285019,BTT4
847,BTT4_sc215,2,0,BTT4
848,BTT4_sc226,2,198685570,BTT4
849,BTT4_sc227,2,251944967,BTT4
850,BTT4_sc228,2,122706960,BTT4
851,BTT4_sc249,2,923027228,BTT4
852,BTT4_sc250,2,923027228,BTT4
853,BTT4_sc252,2,923027228,BTT4
854,BTT4_sc253,2,923027228,BTT4
855,BTT4_sc254,2,851799901,BTT4
856,BTT4_sc255,2,886700111,BTT4
857,BTT4_sc256,2,897447941,BTT4
858,BTT4_sc257,2,910166772,BTT4
859,BTT4_sc259,2,923027228,BTT4
860,BTT4_sc260,2,917832810,BTT4
861,BTT4_sc301,2,235314617,BTT4
862,BTT4_sc302,2,253426041,BTT4
863,BTT4_sc303,2,211447661,BTT4
864,BTT4_sc304,2,358171062,BTT4
865,BTT4_sc305,2,222293960,BTT4
866,BTT4_sc306,2,229976115,BTT4
867,BTT4_sc307,2,0,BTT4
868,BTT4_sc308,2,224824050,BTT4
869,BTT4_sc309,2,229976115,BTT4
870,BTT4_sc310,2,231852377,BTT4
871,BTT4_sc311,2,227341120,BTT4
872,BTT4_sc312,2,246028374,BTT4
873,BTT4_sc313,2,229976115,BTT4
874,BTT4_sc314,2,203651495,BTT4
875,BTT4_sc315,2,229976115,BTT4
876,BTT4_sc316,2,235314617,BTT4
877,BTT4_sc317,2,265863722,BTT4
878,BTT4_sc318,2,0,BTT4
879,BTT4_sc319,2,145577306,BTT4
880,BTT4_sc320,2,282172302,BTT4
881,BTT4_sc321,2,232648726,BTT4
882,BTT4_sc322,2,242932578,BTT4
883,BTT4_sc323,2,235314617,BTT4
884,BTT4_sc325,2,105142208,BTT4
885,BTT4_sc326,2,232794863,BTT4
886,BTT4_sc327,2,235314617,BTT4
887,BTT4_sc328,2,232648726,BTT4
888,BTT4_sc329,2,178265846,BTT4
889,BTT4_sc331,2,199861736,BTT4
890,BTT4_sc332,2,235314617,BTT4
891,BTT4_sc333,2,232648726,BTT4
892,BTT4_sc334,2,230019674,BTT4
893,BTT4_sc336,2,217251736,BTT4
894,BTT4_sc337,2,266805689,BTT4
895,BTT4_sc338,2,235314617,BTT4
896,BTT4_sc339,2,259065466,BTT4
897,BTT4_sc340,2,225069692,BTT4
898,BTT4_sc341,2,174208550,BTT4
899,BTT4_sc342,2,227456361,BTT4
900,BTT4_sc343,2,227496661,BTT4
901,BTT4_sc344,2,232648726,BTT4
902,BTT4_sc345,2,0,BTT4
903,BTT4_sc346,2,174249446,BTT4
904,BTT4_sc001,3,374701515,BTT4
905,BTT4_sc002,3,51282658,BTT4
906,BTT4_sc003,3,399343582,BTT4
907,BTT4_sc004,3,95972473,BTT4
908,BTT4_sc015,3,27860042,BTT4
909,BTT4_sc016,3,305344108,BTT4
910,BTT4_sc017,3,339171722,BTT4
911,BTT4_sc018,3,364432278,BTT4
912,BTT4_sc025,3,92242497,BTT4
913,BTT4_sc026,3,28031425,BTT4
914,BTT4_sc027,3,419645187,BTT4
915,BTT4_sc028,3,415350685,BTT4
916,BTT4_sc029,3,377212810,BTT4
917,BTT4_sc030,3,91963488,BTT4
918,BTT4_sc031,3,172339912,BTT4
919,BTT4_sc032,3,260884064,BTT4
920,BTT4_sc033,3,474209866,BTT4
921,BTT4_sc034,3,156466237,BTT4
922,BTT4_sc035,3,281839727,BTT4
923,BTT4_sc036,3,698613072,BTT4
924,BTT4_sc042,3,359150106,BTT4
925,BTT4_sc044,3,401515112,BTT4
926,BTT4_sc045,3,15136974,BTT4
927,BTT4_sc046,3,298752218,BTT4
928,BTT4_sc047,3,522050920,BTT4
929,BTT4_sc048,3,0,BTT4
930,BTT4_sc102,3,286801689,BTT4
931,BTT4_sc104,3,351856475,BTT4
932,BTT4_sc108,3,414952663,BTT4
933,BTT4_sc125,3,332073022,BTT4
934,BTT4_sc126,3,401016567,BTT4
935,BTT4_sc127,3,87530379,BTT4
936,BTT4_sc128,3,366332434,BTT4
937,BTT4_sc212,3,2514979,BTT4
938,BTT4_sc214,3,150672488,BTT4
939,BTT4_sc215,3,0,BTT4
940,BTT4_sc226,3,388451511,BTT4
941,BTT4_sc227,3,98868671,BTT4
942,BTT4_sc228,3,629722074,BTT4
943,BTT4_sc249,3,0,BTT4
944,BTT4_sc250,3,0,BTT4
945,BTT4_sc252,3,0,BTT4
946,BTT4_sc253,3,0,BTT4
947,BTT4_sc254,3,25398705,BTT4
948,BTT4_sc255,3,31290545,BTT4
949,BTT4_sc256,3,0,BTT4
950,BTT4_sc257,3,0,BTT4
951,BTT4_sc259,3,0,BTT4
952,BTT4_sc260,3,0,BTT4
953,BTT4_sc301,3,357554649,BTT4
954,BTT4_sc302,3,323820746,BTT4
955,BTT4_sc303,3,407453518,BTT4
956,BTT4_sc304,3,138579794,BTT4
957,BTT4_sc305,3,344765356,BTT4
958,BTT4_sc306,3,392920522,BTT4
959,BTT4_sc307,3,0,BTT4
960,BTT4_sc308,3,348679144,BTT4
961,BTT4_sc309,3,372396286,BTT4
962,BTT4_sc310,3,383571111,BTT4
963,BTT4_sc311,3,390923683,BTT4
964,BTT4_sc312,3,340991397,BTT4
965,BTT4_sc313,3,340973244,BTT4
966,BTT4_sc314,3,413375896,BTT4
967,BTT4_sc315,3,402718103,BTT4
968,BTT4_sc316,3,392920522,BTT4
969,BTT4_sc317,3,428441383,BTT4
970,BTT4_sc318,3,31290545,BTT4
971,BTT4_sc319,3,402601558,BTT4
972,BTT4_sc320,3,311644458,BTT4
973,BTT4_sc321,3,315491077,BTT4
974,BTT4_sc322,3,333373436,BTT4
975,BTT4_sc323,3,369864950,BTT4
976,BTT4_sc325,3,337403952,BTT4
977,BTT4_sc326,3,395440276,BTT4
978,BTT4_sc327,3,392920522,BTT4
979,BTT4_sc328,3,335941905,BTT4
980,BTT4_sc329,3,401058074,BTT4
981,BTT4_sc331,3,382978086,BTT4
982,BTT4_sc332,3,396490706,BTT4
983,BTT4_sc333,3,367635480,BTT4
984,BTT4_sc334,3,372378133,BTT4
985,BTT4_sc336,3,333289839,BTT4
986,BTT4_sc337,3,339295490,BTT4
987,BTT4_sc338,3,374914442,BTT4
988,BTT4_sc339,3,141787169,BTT4
989,BTT4_sc340,3,369840127,BTT4
990,BTT4_sc341,3,359184544,BTT4
991,BTT4_sc342,3,395422123,BTT4
992,BTT4_sc343,3,400590743,BTT4
993,BTT4_sc344,3,423242339,BTT4
994,BTT4_sc345,3,197195845,BTT4
995,BTT4_sc346,3,450533642,BTT4
996,BTT4_sc001,4,393427759,BTT4
997,BTT4_sc002,4,764850291,BTT4
998,BTT4_sc003,4,115915762,BTT4
999,BTT4_sc004,4,460194759,BTT4
1000,BTT4_sc015,4,806338356,BTT4
1001,BTT4_sc016,4,212668281,BTT4
1002,BTT4_sc017,4,136961130,BTT4
1003,BTT4_sc018,4,116897284,BTT4
1004,BTT4_sc025,4,830784731,BTT4
1005,BTT4_sc026,4,818898432,BTT4
1006,BTT4_sc027,4,315445073,BTT4
1007,BTT4_sc028,4,168371385,BTT4
1008,BTT4_sc029,4,180525461,BTT4
1009,BTT4_sc030,4,831063740,BTT4
1010,BTT4_sc031,4,255086258,BTT4
1011,BTT4_sc032,4,662143164,BTT4
1012,BTT4_sc033,4,261592922,BTT4
1013,BTT4_sc034,4,766560991,BTT4
1014,BTT4_sc035,4,147732196,BTT4
1015,BTT4_sc036,4,135561483,BTT4
1016,BTT4_sc042,4,274208740,BTT4
1017,BTT4_sc044,4,452442406,BTT4
1018,BTT4_sc045,4,883684902,BTT4
1019,BTT4_sc046,4,301826336,BTT4
1020,BTT4_sc047,4,54299317,BTT4
1021,BTT4_sc048,4,784807855,BTT4
1022,BTT4_sc102,4,240455427,BTT4
1023,BTT4_sc104,4,247689829,BTT4
1024,BTT4_sc108,4,134843317,BTT4
1025,BTT4_sc125,4,157131511,BTT4
1026,BTT4_sc126,4,170761217,BTT4
1027,BTT4_sc127,4,807082539,BTT4
1028,BTT4_sc128,4,196420605,BTT4
1029,BTT4_sc212,4,890973332,BTT4
1030,BTT4_sc214,4,278381902,BTT4
1031,BTT4_sc215,4,882643330,BTT4
1032,BTT4_sc226,4,179345676,BTT4
1033,BTT4_sc227,4,299036249,BTT4
1034,BTT4_sc228,4,170598194,BTT4
1035,BTT4_sc249,4,0,BTT4
1036,BTT4_sc250,4,0,BTT4
1037,BTT4_sc252,4,0,BTT4
1038,BTT4_sc253,4,0,BTT4
1039,BTT4_sc254,4,0,BTT4
1040,BTT4_sc255,4,0,BTT4
1041,BTT4_sc256,4,0,BTT4
1042,BTT4_sc257,4,0,BTT4
1043,BTT4_sc259,4,0,BTT4
1044,BTT4_sc260,4,0,BTT4
1045,BTT4_sc301,4,153648515,BTT4
1046,BTT4_sc302,4,174350351,BTT4
1047,BTT4_sc303,4,138488385,BTT4
1048,BTT4_sc304,4,426276372,BTT4
1049,BTT4_sc305,4,177450689,BTT4
1050,BTT4_sc306,4,134492927,BTT4
1051,BTT4_sc307,4,923027228,BTT4
1052,BTT4_sc308,4,186400955,BTT4
1053,BTT4_sc309,4,157531748,BTT4
1054,BTT4_sc310,4,112950324,BTT4
1055,BTT4_sc311,4,156996715,BTT4
1056,BTT4_sc312,4,149084381,BTT4
1057,BTT4_sc313,4,193986129,BTT4
1058,BTT4_sc314,4,137737902,BTT4
1059,BTT4_sc315,4,177962023,BTT4
1060,BTT4_sc316,4,118977292,BTT4
1061,BTT4_sc317,4,75630000,BTT4
1062,BTT4_sc318,4,891736683,BTT4
1063,BTT4_sc319,4,163149174,BTT4
1064,BTT4_sc320,4,166087389,BTT4
1065,BTT4_sc321,4,211767917,BTT4
1066,BTT4_sc322,4,178387891,BTT4
1067,BTT4_sc323,4,157242738,BTT4
1068,BTT4_sc325,4,175618698,BTT4
1069,BTT4_sc326,4,115768057,BTT4
1070,BTT4_sc327,4,115768057,BTT4
1071,BTT4_sc328,4,191313518,BTT4
1072,BTT4_sc329,4,120895984,BTT4
1073,BTT4_sc331,4,215048681,BTT4
1074,BTT4_sc332,4,125584241,BTT4
1075,BTT4_sc333,4,162136697,BTT4
1076,BTT4_sc334,4,133169415,BTT4
1077,BTT4_sc336,4,191355092,BTT4
1078,BTT4_sc337,4,145495959,BTT4
1079,BTT4_sc338,4,149678661,BTT4
1080,BTT4_sc339,4,338516236,BTT4
1081,BTT4_sc340,4,126012982,BTT4
1082,BTT4_sc341,4,195249121,BTT4
1083,BTT4_sc342,4,129365286,BTT4
1084,BTT4_sc343,4,134334901,BTT4
1085,BTT4_sc344,4,104016655,BTT4
1086,BTT4_sc345,4,448200832,BTT4
1087,BTT4_sc346,4,168469867,BTT4
1088,BTT4_sc001,5,136725684,BTT4
1089,BTT4_sc002,5,106894279,BTT4
1090,BTT4_sc003,5,105478409,BTT4
1091,BTT4_sc004,5,90632869,BTT4
1092,BTT4_sc015,5,88828830,BTT4
1093,BTT4_sc016,5,169080294,BTT4
1094,BTT4_sc017,5,66411085,BTT4
1095,BTT4_sc018,5,134867043,BTT4
1096,BTT4_sc025,5,0,BTT4
1097,BTT4_sc026,5,76097371,BTT4
1098,BTT4_sc027,5,175202322,BTT4
1099,BTT4_sc028,5,81843322,BTT4
1100,BTT4_sc029,5,68575309,BTT4
1101,BTT4_sc030,5,0,BTT4
1102,BTT4_sc031,5,96893195,BTT4
1103,BTT4_sc032,5,0,BTT4
1104,BTT4_sc033,5,17754870,BTT4
1105,BTT4_sc034,5,0,BTT4
1106,BTT4_sc035,5,138187306,BTT4
1107,BTT4_sc036,5,40383898,BTT4
1108,BTT4_sc042,5,164330723,BTT4
1109,BTT4_sc044,5,0,BTT4
1110,BTT4_sc045,5,24205352,BTT4
1111,BTT4_sc046,5,159824647,BTT4
1112,BTT4_sc047,5,83819000,BTT4
1113,BTT4_sc048,5,138219373,BTT4
1114,BTT4_sc102,5,30553964,BTT4
1115,BTT4_sc104,5,25547285,BTT4
1116,BTT4_sc108,5,79376938,BTT4
1117,BTT4_sc125,5,152416894,BTT4
1118,BTT4_sc126,5,60710029,BTT4
1119,BTT4_sc127,5,28414310,BTT4
1120,BTT4_sc128,5,84974184,BTT4
1121,BTT4_sc212,5,29538917,BTT4
1122,BTT4_sc214,5,17975041,BTT4
1123,BTT4_sc215,5,40383898,BTT4
1124,BTT4_sc226,5,61314702,BTT4
1125,BTT4_sc227,5,250595434,BTT4
1126,BTT4_sc228,5,0,BTT4
1127,BTT4_sc249,5,0,BTT4
1128,BTT4_sc250,5,0,BTT4
1129,BTT4_sc252,5,0,BTT4
1130,BTT4_sc253,5,0,BTT4
1131,BTT4_sc254,5,0,BTT4
1132,BTT4_sc255,5,0,BTT4
1133,BTT4_sc256,5,0,BTT4
1134,BTT4_sc257,5,0,BTT4
1135,BTT4_sc259,5,0,BTT4
1136,BTT4_sc260,5,0,BTT4
1137,BTT4_sc301,5,117454650,BTT4
1138,BTT4_sc302,5,77040277,BTT4
1139,BTT4_sc303,5,78896968,BTT4
1140,BTT4_sc304,5,0,BTT4
1141,BTT4_sc305,5,93904580,BTT4
1142,BTT4_sc306,5,96444773,BTT4
1143,BTT4_sc307,5,0,BTT4
1144,BTT4_sc308,5,96444773,BTT4
1145,BTT4_sc309,5,84043497,BTT4
1146,BTT4_sc310,5,112653127,BTT4
1147,BTT4_sc311,5,96617068,BTT4
1148,BTT4_sc312,5,117730185,BTT4
1149,BTT4_sc313,5,43463734,BTT4
1150,BTT4_sc314,5,68779018,BTT4
1151,BTT4_sc315,5,45917178,BTT4
1152,BTT4_sc316,5,127078702,BTT4
1153,BTT4_sc317,5,89386021,BTT4
1154,BTT4_sc318,5,0,BTT4
1155,BTT4_sc319,5,66532665,BTT4
1156,BTT4_sc320,5,71273459,BTT4
1157,BTT4_sc321,5,91386424,BTT4
1158,BTT4_sc322,5,109145780,BTT4
1159,BTT4_sc323,5,76378812,BTT4
1160,BTT4_sc325,5,98256637,BTT4
1161,BTT4_sc326,5,94592810,BTT4
1162,BTT4_sc327,5,122376682,BTT4
1163,BTT4_sc328,5,71273459,BTT4
1164,BTT4_sc329,5,125241461,BTT4
1165,BTT4_sc331,5,63569343,BTT4
1166,BTT4_sc332,5,111729396,BTT4
1167,BTT4_sc333,5,43463734,BTT4
1168,BTT4_sc334,5,111582484,BTT4
1169,BTT4_sc336,5,61447777,BTT4
1170,BTT4_sc337,5,97234935,BTT4
1171,BTT4_sc338,5,96665699,BTT4
1172,BTT4_sc339,5,32853153,BTT4
1173,BTT4_sc340,5,84675793,BTT4
1174,BTT4_sc341,5,121989125,BTT4
1175,BTT4_sc342,5,86712347,BTT4
1176,BTT4_sc343,5,101550126,BTT4
1177,BTT4_sc344,5,78760651,BTT4
1178,BTT4_sc345,5,119535586,BTT4
1179,BTT4_sc346,5,88658636,BTT4
1180,BTT7_sc001,1,45766419,BTT7
1181,BTT7_sc002,1,45766419,BTT7
1182,BTT7_sc003,1,45766419,BTT7
1183,BTT7_sc004,1,56583519,BTT7
1184,BTT7_sc005,1,142233788,BTT7
1185,BTT7_sc006,1,25203245,BTT7
1186,BTT7_sc007,1,116567141,BTT7
1187,BTT7_sc008,1,25203245,BTT7
1188,BTT7_sc009,1,58358479,BTT7
1189,BTT7_sc010,1,86400980,BTT7
1190,BTT7_sc011,1,0,BTT7
1191,BTT7_sc012,1,340809804,BTT7
1192,BTT7_sc013,1,45766419,BTT7
1193,BTT7_sc014,1,45766419,BTT7
1194,BTT7_sc015,1,158045689,BTT7
1195,BTT7_sc016,1,64103869,BTT7
1196,BTT7_sc017,1,68478997,BTT7
1197,BTT7_sc018,1,58805842,BTT7
1198,BTT7_sc019,1,43241301,BTT7
1199,BTT7_sc020,1,0,BTT7
1200,BTT7_sc021,1,50869892,BTT7
1201,BTT7_sc022,1,109742475,BTT7
1202,BTT7_sc023,1,205905403,BTT7
1203,BTT7_sc024,1,84055430,BTT7
1204,BTT7_sc026,1,25203245,BTT7
1205,BTT7_sc027,1,53711240,BTT7
1206,BTT7_sc028,1,43241301,BTT7
1207,BTT7_sc029,1,109201814,BTT7
1208,BTT7_sc030,1,45766419,BTT7
1209,BTT7_sc031,1,48283065,BTT7
1210,BTT7_sc032,1,61223434,BTT7
1211,BTT7_sc033,1,63437233,BTT7
1212,BTT7_sc034,1,91928143,BTT7
1213,BTT7_sc035,1,45766419,BTT7
1214,BTT7_sc036,1,45766419,BTT7
1215,BTT7_sc037,1,12574743,BTT7
1216,BTT7_sc038,1,129734579,BTT7
1217,BTT7_sc039,1,45766419,BTT7
1218,BTT7_sc040,1,45766419,BTT7
1219,BTT7_sc041,1,45766419,BTT7
1220,BTT7_sc046,1,45766419,BTT7
1221,BTT7_sc047,1,53432210,BTT7
1222,BTT7_sc048,1,63748552,BTT7
1223,BTT7_sc049,1,43241301,BTT7
1224,BTT7_sc050,1,43241301,BTT7
1225,BTT7_sc051,1,58358479,BTT7
1226,BTT7_sc052,1,47919348,BTT7
1227,BTT7_sc053,1,43241301,BTT7
1228,BTT7_sc054,1,43241301,BTT7
1229,BTT7_sc056,1,45766419,BTT7
1230,BTT7_sc057,1,73577474,BTT7
1231,BTT7_sc058,1,63840530,BTT7
1232,BTT7_sc059,1,58358479,BTT7
1233,BTT7_sc060,1,43241301,BTT7
1234,BTT7_sc061,1,223830364,BTT7
1235,BTT7_sc062,1,71397902,BTT7
1236,BTT7_sc063,1,55911656,BTT7
1237,BTT7_sc064,1,45766419,BTT7
1238,BTT7_sc065,1,25203245,BTT7
1239,BTT7_sc066,1,42867609,BTT7
1240,BTT7_sc201,1,8181140,BTT7
1241,BTT7_sc202,1,22967611,BTT7
1242,BTT7_sc203,1,0,BTT7
1243,BTT7_sc204,1,15134148,BTT7
1244,BTT7_sc205,1,10093315,BTT7
1245,BTT7_sc206,1,0,BTT7
1246,BTT7_sc001,2,336009443,BTT7
1247,BTT7_sc002,2,323313279,BTT7
1248,BTT7_sc003,2,336009443,BTT7
1249,BTT7_sc004,2,338529491,BTT7
1250,BTT7_sc005,2,257103770,BTT7
1251,BTT7_sc006,2,359120898,BTT7
1252,BTT7_sc007,2,310655034,BTT7
1253,BTT7_sc008,2,336146085,BTT7
1254,BTT7_sc009,2,375728017,BTT7
1255,BTT7_sc010,2,258023759,BTT7
1256,BTT7_sc011,2,338999166,BTT7
1257,BTT7_sc012,2,128987587,BTT7
1258,BTT7_sc013,2,337408765,BTT7
1259,BTT7_sc014,2,328477750,BTT7
1260,BTT7_sc015,2,284952656,BTT7
1261,BTT7_sc016,2,334902346,BTT7
1262,BTT7_sc017,2,344547059,BTT7
1263,BTT7_sc018,2,280380770,BTT7
1264,BTT7_sc019,2,378174820,BTT7
1265,BTT7_sc020,2,59513732,BTT7
1266,BTT7_sc021,2,330909107,BTT7
1267,BTT7_sc022,2,325244182,BTT7
1268,BTT7_sc023,2,140995372,BTT7
1269,BTT7_sc024,2,311812411,BTT7
1270,BTT7_sc026,2,49311427,BTT7
1271,BTT7_sc027,2,329415147,BTT7
1272,BTT7_sc028,2,187679555,BTT7
1273,BTT7_sc029,2,297501708,BTT7
1274,BTT7_sc030,2,336076910,BTT7
1275,BTT7_sc031,2,353338611,BTT7
1276,BTT7_sc032,2,345919315,BTT7
1277,BTT7_sc033,2,318371945,BTT7
1278,BTT7_sc034,2,284808061,BTT7
1279,BTT7_sc035,2,346723472,BTT7
1280,BTT7_sc036,2,342521049,BTT7
1281,BTT7_sc037,2,40741427,BTT7
1282,BTT7_sc038,2,248264051,BTT7
1283,BTT7_sc039,2,336948864,BTT7
1284,BTT7_sc040,2,375356240,BTT7
1285,BTT7_sc041,2,359738026,BTT7
1286,BTT7_sc046,2,357234200,BTT7
1287,BTT7_sc047,2,339904937,BTT7
1288,BTT7_sc048,2,312908665,BTT7
1289,BTT7_sc049,2,344980982,BTT7
1290,BTT7_sc050,2,267708555,BTT7
1291,BTT7_sc051,2,389513286,BTT7
1292,BTT7_sc052,2,416853487,BTT7
1293,BTT7_sc053,2,368040392,BTT7
1294,BTT7_sc054,2,312047532,BTT7
1295,BTT7_sc056,2,365176607,BTT7
1296,BTT7_sc057,2,336419518,BTT7
1297,BTT7_sc058,2,376752601,BTT7
1298,BTT7_sc059,2,306108032,BTT7
1299,BTT7_sc060,2,357724163,BTT7
1300,BTT7_sc061,2,209090549,BTT7
1301,BTT7_sc062,2,311872475,BTT7
1302,BTT7_sc063,2,372582145,BTT7
1303,BTT7_sc064,2,338536667,BTT7
1304,BTT7_sc065,2,132622999,BTT7
1305,BTT7_sc066,2,353271798,BTT7
1306,BTT7_sc201,2,817857253,BTT7
1307,BTT7_sc202,2,767501931,BTT7
1308,BTT7_sc203,2,826038393,BTT7
1309,BTT7_sc204,2,810904245,BTT7
1310,BTT7_sc205,2,795777334,BTT7
1311,BTT7_sc206,2,826038393,BTT7
1312,BTT7_sc001,3,344467093,BTT7
1313,BTT7_sc002,3,292633674,BTT7
1314,BTT7_sc003,3,277410286,BTT7
1315,BTT7_sc004,3,338256731,BTT7
1316,BTT7_sc005,3,311006895,BTT7
1317,BTT7_sc006,3,313721633,BTT7
1318,BTT7_sc007,3,298326822,BTT7
1319,BTT7_sc008,3,297836818,BTT7
1320,BTT7_sc009,3,219454506,BTT7
1321,BTT7_sc010,3,327050522,BTT7
1322,BTT7_sc011,3,321546203,BTT7
1323,BTT7_sc012,3,191917842,BTT7
1324,BTT7_sc013,3,194283866,BTT7
1325,BTT7_sc014,3,276397683,BTT7
1326,BTT7_sc015,3,256469665,BTT7
1327,BTT7_sc016,3,296991021,BTT7
1328,BTT7_sc017,3,292333804,BTT7
1329,BTT7_sc018,3,326924870,BTT7
1330,BTT7_sc019,3,278668489,BTT7
1331,BTT7_sc020,3,635841056,BTT7
1332,BTT7_sc021,3,318326142,BTT7
1333,BTT7_sc022,3,236789765,BTT7
1334,BTT7_sc023,3,173781449,BTT7
1335,BTT7_sc024,3,235937291,BTT7
1336,BTT7_sc026,3,331607632,BTT7
1337,BTT7_sc027,3,207112939,BTT7
1338,BTT7_sc028,3,301345261,BTT7
1339,BTT7_sc029,3,350204870,BTT7
1340,BTT7_sc030,3,323848676,BTT7
1341,BTT7_sc031,3,249361511,BTT7
1342,BTT7_sc032,3,257093400,BTT7
1343,BTT7_sc033,3,321431697,BTT7
1344,BTT7_sc034,3,231883592,BTT7
1345,BTT7_sc035,3,287157740,BTT7
1346,BTT7_sc036,3,264519953,BTT7
1347,BTT7_sc037,3,484120117,BTT7
1348,BTT7_sc038,3,163196175,BTT7
1349,BTT7_sc039,3,334851314,BTT7
1350,BTT7_sc040,3,273939687,BTT7
1351,BTT7_sc041,3,248036557,BTT7
1352,BTT7_sc046,3,353642474,BTT7
1353,BTT7_sc047,3,192319963,BTT7
1354,BTT7_sc048,3,326532330,BTT7
1355,BTT7_sc049,3,246195950,BTT7
1356,BTT7_sc050,3,151454007,BTT7
1357,BTT7_sc051,3,217279384,BTT7
1358,BTT7_sc052,3,199463314,BTT7
1359,BTT7_sc053,3,257666344,BTT7
1360,BTT7_sc054,3,309327101,BTT7
1361,BTT7_sc056,3,312728669,BTT7
1362,BTT7_sc057,3,141354545,BTT7
1363,BTT7_sc058,3,203571665,BTT7
1364,BTT7_sc059,3,245362575,BTT7
1365,BTT7_sc060,3,192209024,BTT7
1366,BTT7_sc061,3,150046748,BTT7
1367,BTT7_sc062,3,225169694,BTT7
1368,BTT7_sc063,3,224731137,BTT7
1369,BTT7_sc064,3,310759260,BTT7
1370,BTT7_sc065,3,357972826,BTT7
1371,BTT7_sc066,3,260508803,BTT7
1372,BTT7_sc201,3,0,BTT7
1373,BTT7_sc202,3,35568851,BTT7
1374,BTT7_sc203,3,0,BTT7
1375,BTT7_sc204,3,0,BTT7
1376,BTT7_sc205,3,20167744,BTT7
1377,BTT7_sc206,3,0,BTT7
1378,BTT7_sc001,4,28299676,BTT7
1379,BTT7_sc002,4,113467508,BTT7
1380,BTT7_sc003,4,118549590,BTT7
1381,BTT7_sc004,4,41811139,BTT7
1382,BTT7_sc005,4,41626918,BTT7
1383,BTT7_sc006,4,61648650,BTT7
1384,BTT7_sc007,4,41551525,BTT7
1385,BTT7_sc008,4,115994732,BTT7
1386,BTT7_sc009,4,128596659,BTT7
1387,BTT7_sc010,4,103705619,BTT7
1388,BTT7_sc011,4,165493024,BTT7
1389,BTT7_sc012,4,20358281,BTT7
1390,BTT7_sc013,4,192104318,BTT7
1391,BTT7_sc014,4,124539028,BTT7
1392,BTT7_sc015,4,40968994,BTT7
1393,BTT7_sc016,4,73566132,BTT7
1394,BTT7_sc017,4,61648650,BTT7
1395,BTT7_sc018,4,80242377,BTT7
1396,BTT7_sc019,4,54441619,BTT7
1397,BTT7_sc020,4,130683605,BTT7
1398,BTT7_sc021,4,54437490,BTT7
1399,BTT7_sc022,4,54140458,BTT7
1400,BTT7_sc023,4,143013259,BTT7
1401,BTT7_sc024,4,137758236,BTT7
1402,BTT7_sc026,4,229866383,BTT7
1403,BTT7_sc027,4,176769184,BTT7
1404,BTT7_sc028,4,208895744,BTT7
1405,BTT7_sc029,4,15369850,BTT7
1406,BTT7_sc030,4,46279366,BTT7
1407,BTT7_sc031,4,116025323,BTT7
1408,BTT7_sc032,4,61648650,BTT7
1409,BTT7_sc033,4,61648650,BTT7
1410,BTT7_sc034,4,166561084,BTT7
1411,BTT7_sc035,4,95533249,BTT7
1412,BTT7_sc036,4,122373459,BTT7
1413,BTT7_sc037,4,162708382,BTT7
1414,BTT7_sc038,4,153346857,BTT7
1415,BTT7_sc039,4,43932815,BTT7
1416,BTT7_sc040,4,80118534,BTT7
1417,BTT7_sc041,4,116022366,BTT7
1418,BTT7_sc046,4,10365417,BTT7
1419,BTT7_sc047,4,183906258,BTT7
1420,BTT7_sc048,4,51353084,BTT7
1421,BTT7_sc049,4,135145135,BTT7
1422,BTT7_sc050,4,242420372,BTT7
1423,BTT7_sc051,4,104096474,BTT7
1424,BTT7_sc052,4,110944731,BTT7
1425,BTT7_sc053,4,98060473,BTT7
1426,BTT7_sc054,4,81897941,BTT7
1427,BTT7_sc056,4,28299676,BTT7
1428,BTT7_sc057,4,215656973,BTT7
1429,BTT7_sc058,4,133570942,BTT7
1430,BTT7_sc059,4,149513688,BTT7
1431,BTT7_sc060,4,173834022,BTT7
1432,BTT7_sc061,4,10714481,BTT7
1433,BTT7_sc062,4,140485048,BTT7
1434,BTT7_sc063,4,108087176,BTT7
1435,BTT7_sc064,4,80118534,BTT7
1436,BTT7_sc065,4,184285540,BTT7
1437,BTT7_sc066,4,118532670,BTT7
1438,BTT7_sc201,4,0,BTT7
1439,BTT7_sc202,4,0,BTT7
1440,BTT7_sc203,4,0,BTT7
1441,BTT7_sc204,4,0,BTT7
1442,BTT7_sc205,4,0,BTT7
1443,BTT7_sc206,4,0,BTT7
1444,BTT7_sc001,5,38322258,BTT7
1445,BTT7_sc002,5,0,BTT7
1446,BTT7_sc003,5,10283429,BTT7
1447,BTT7_sc004,5,2554858,BTT7
1448,BTT7_sc005,5,38338660,BTT7
1449,BTT7_sc006,5,33170463,BTT7
1450,BTT7_sc007,5,23209509,BTT7
1451,BTT7_sc008,5,15129151,BTT7
1452,BTT7_sc009,5,8172370,BTT7
1453,BTT7_sc010,5,38019226,BTT7
1454,BTT7_sc011,5,0,BTT7
1455,BTT7_sc012,5,49078607,BTT7
1456,BTT7_sc013,5,30927226,BTT7
1457,BTT7_sc014,5,17684009,BTT7
1458,BTT7_sc015,5,37298734,BTT7
1459,BTT7_sc016,5,30927226,BTT7
1460,BTT7_sc017,5,10727228,BTT7
1461,BTT7_sc018,5,31381879,BTT7
1462,BTT7_sc019,5,48622089,BTT7
1463,BTT7_sc020,5,0,BTT7
1464,BTT7_sc021,5,23193107,BTT7
1465,BTT7_sc022,5,66948009,BTT7
1466,BTT7_sc023,5,82364476,BTT7
1467,BTT7_sc024,5,33584950,BTT7
1468,BTT7_sc026,5,82326316,BTT7
1469,BTT7_sc027,5,10727228,BTT7
1470,BTT7_sc028,5,0,BTT7
1471,BTT7_sc029,5,20586647,BTT7
1472,BTT7_sc030,5,40893518,BTT7
1473,BTT7_sc031,5,2554858,BTT7
1474,BTT7_sc032,5,87315307,BTT7
1475,BTT7_sc033,5,12846213,BTT7
1476,BTT7_sc034,5,15129151,BTT7
1477,BTT7_sc035,5,0,BTT7
1478,BTT7_sc036,5,17684009,BTT7
1479,BTT7_sc037,5,17934259,BTT7
1480,BTT7_sc038,5,59968908,BTT7
1481,BTT7_sc039,5,49168900,BTT7
1482,BTT7_sc040,5,27967438,BTT7
1483,BTT7_sc041,5,23301521,BTT7
1484,BTT7_sc046,5,10727228,BTT7
1485,BTT7_sc047,5,18455799,BTT7
1486,BTT7_sc048,5,15129151,BTT7
1487,BTT7_sc049,5,23301521,BTT7
1488,BTT7_sc050,5,70356645,BTT7
1489,BTT7_sc051,5,25412580,BTT7
1490,BTT7_sc052,5,17684009,BTT7
1491,BTT7_sc053,5,25856379,BTT7
1492,BTT7_sc054,5,28667005,BTT7
1493,BTT7_sc056,5,25764367,BTT7
1494,BTT7_sc057,5,10727228,BTT7
1495,BTT7_sc058,5,15129151,BTT7
1496,BTT7_sc059,5,56412190,BTT7
1497,BTT7_sc060,5,38572726,BTT7
1498,BTT7_sc061,5,77120107,BTT7
1499,BTT7_sc062,5,43939770,BTT7
1500,BTT7_sc063,5,15486454,BTT7
1501,BTT7_sc064,5,2554858,BTT7
1502,BTT7_sc065,5,43714391,BTT7
1503,BTT7_sc066,5,2554858,BTT7
1504,BTT7_sc201,5,0,BTT7
1505,BTT7_sc202,5,0,BTT7
1506,BTT7_sc203,5,0,BTT7
1507,BTT7_sc204,5,0,BTT7
1508,BTT7_sc205,5,0,BTT7
1509,BTT7_sc206,5,0,BTT7
